-- phpMyAdmin SQL Dump
-- version 4.7.5
-- https://www.phpmyadmin.net/
--
-- Host: localhost
-- Generation Time: Dec 11, 2017 at 11:25 AM
-- Server version: 10.1.24-MariaDB-cll-lve
-- PHP Version: 5.5.38

SET SQL_MODE = "NO_AUTO_VALUE_ON_ZERO";
SET AUTOCOMMIT = 0;
START TRANSACTION;
SET time_zone = "+00:00";


/*!40101 SET @OLD_CHARACTER_SET_CLIENT=@@CHARACTER_SET_CLIENT */;
/*!40101 SET @OLD_CHARACTER_SET_RESULTS=@@CHARACTER_SET_RESULTS */;
/*!40101 SET @OLD_COLLATION_CONNECTION=@@COLLATION_CONNECTION */;
/*!40101 SET NAMES utf8mb4 */;

--
-- Database: `u12893p9221_carew`
--

-- --------------------------------------------------------

--
-- Table structure for table `devices`
--

CREATE TABLE `devices` (
  `id` int(11) NOT NULL,
  `name` varchar(255) NOT NULL,
  `owner` int(11) NOT NULL
) ENGINE=InnoDB DEFAULT CHARSET=latin1;

--
-- Dumping data for table `devices`
--

INSERT INTO `devices` (`id`, `name`, `owner`) VALUES
(1, '', 12),
(2, '', 11),
(3, 'raspberry pi 2B', 13),
(4, '', 12),
(6, 'postman', 12);

-- --------------------------------------------------------

--
-- Table structure for table `naw`
--

CREATE TABLE `naw` (
  `naw_id` int(11) NOT NULL,
  `naw_snr_id` int(25) NOT NULL,
  `naw_voornaam` varchar(30) NOT NULL,
  `naw_tussenvoegsel` varchar(15) NOT NULL,
  `naw_achternaam` varchar(25) NOT NULL,
  `naw_geslacht` varchar(11) NOT NULL,
  `naw_geboortedatum` date NOT NULL,
  `naw_bsn_nr` varchar(25) NOT NULL,
  `naw_adres` varchar(35) NOT NULL,
  `naw_postcode` varchar(15) NOT NULL,
  `naw_woonplaats` varchar(35) NOT NULL,
  `naw_land` varchar(35) NOT NULL,
  `naw_email` varchar(35) NOT NULL,
  `naw_username` varchar(20) NOT NULL,
  `naw_wachtwoord` varchar(100) NOT NULL,
  `naw_securitylevel` int(1) NOT NULL
) ENGINE=InnoDB DEFAULT CHARSET=latin1;

--
-- Dumping data for table `naw`
--

INSERT INTO `naw` (`naw_id`, `naw_snr_id`, `naw_voornaam`, `naw_tussenvoegsel`, `naw_achternaam`, `naw_geslacht`, `naw_geboortedatum`, `naw_bsn_nr`, `naw_adres`, `naw_postcode`, `naw_woonplaats`, `naw_land`, `naw_email`, `naw_username`, `naw_wachtwoord`, `naw_securitylevel`) VALUES
(11, 0, 'Zacherias', '', '', '', '0000-00-00', '', '', '', '', '', 'ja@nee.nl', 'ZZende', '$2y$10$Zx8.OyF4N1gaEi2eiMVxq.5D1MMT71LaOHmWjek.qh9Z1MMq.3F6W', 1),
(12, 0, 'Ysbrand', '', 'Ybema', 'Male', '1944-01-01', '35789456222', 'Balingerbrink 222', '7812GH', 'Emmen', 'NL', 'nee@ja.nl', 'YS', '$2y$10$sn7ULTnd58/MQ/UE.kwzAeWhuFPhKvtrIbsgGN7p/.H8OUAlYvGx.', 2),
(13, 6, 'Amalia', '', 'Brown', 'Female', '1944-04-05', '', '5645 5th Av.', 'NY 4565', 'New York', 'United States', 'a.brown@hotmail.com', 'abrown', '$2y$10$b70eCiU35aePDkX1K8eERelKyyX4Bux/FxiJ7LuuAU.8MNOXW/TO.', 3),
(14, 0, '', '', '', '', '0000-00-00', '', '', '', '', '', '', '', '$2y$10$.mQnEwlzVndOIIuaDLAIaesoa1.UcQ.Y/fOL2CD1tBA.dT3jqPLhG', 0);

-- --------------------------------------------------------

--
-- Table structure for table `permission_link`
--

CREATE TABLE `permission_link` (
  `device_id` int(11) NOT NULL,
  `naw_id` int(11) NOT NULL
) ENGINE=InnoDB DEFAULT CHARSET=latin1;

-- --------------------------------------------------------

--
-- Table structure for table `snra`
--

CREATE TABLE `snra` (
  `id` int(11) NOT NULL,
  `snrd_id` int(11) NOT NULL,
  `state` tinyint(1) NOT NULL COMMENT '1  = new, 2 = Seen, 3 = in progress, 4 is solved'
) ENGINE=InnoDB DEFAULT CHARSET=latin1;

--
-- Dumping data for table `snra`
--

INSERT INTO `snra` (`id`, `snrd_id`, `state`) VALUES
(16, 81, 1),
(17, 85, 1),
(18, 89, 1),
(19, 90, 1),
(20, 91, 1),
(21, 92, 1),
(22, 93, 1),
(23, 99, 1),
(24, 103, 1),
(25, 104, 1),
(26, 130, 1),
(27, 131, 1),
(28, 133, 1),
(29, 134, 1),
(30, 135, 1),
(31, 141, 1),
(32, 143, 1),
(33, 155, 1),
(34, 157, 1),
(35, 159, 1),
(36, 160, 1),
(37, 161, 1),
(38, 162, 1),
(39, 163, 1),
(40, 164, 1),
(41, 165, 1),
(42, 166, 1),
(43, 167, 1),
(44, 168, 1),
(45, 169, 1),
(46, 170, 1),
(47, 171, 1),
(48, 172, 1),
(49, 173, 1),
(50, 174, 1),
(51, 175, 1),
(52, 176, 1),
(53, 177, 1),
(54, 178, 1),
(55, 179, 1),
(56, 180, 1),
(57, 181, 1),
(58, 182, 1),
(59, 183, 1),
(60, 184, 1),
(61, 185, 1),
(62, 186, 1),
(63, 187, 1),
(64, 188, 1),
(65, 189, 1),
(66, 190, 1),
(67, 191, 1),
(68, 192, 1),
(69, 193, 1),
(70, 194, 1),
(71, 195, 1),
(72, 196, 1),
(73, 197, 1),
(74, 198, 1),
(75, 199, 1),
(76, 200, 1),
(77, 201, 1),
(78, 202, 1),
(79, 203, 1),
(80, 204, 1),
(81, 205, 1),
(82, 206, 1),
(83, 207, 1),
(84, 208, 1),
(85, 209, 1),
(86, 210, 1),
(87, 211, 1),
(88, 212, 1),
(89, 213, 1),
(90, 214, 1),
(91, 215, 1),
(92, 216, 1),
(93, 217, 1),
(94, 218, 1),
(95, 219, 1),
(96, 220, 1),
(97, 221, 1),
(98, 222, 1),
(99, 223, 1),
(100, 224, 1),
(101, 225, 1),
(102, 226, 1),
(103, 227, 1),
(104, 228, 1),
(105, 229, 1),
(106, 230, 1),
(107, 231, 1),
(108, 232, 1),
(109, 233, 1),
(110, 234, 1),
(111, 235, 1),
(112, 236, 1),
(113, 237, 1),
(114, 238, 1),
(115, 239, 1),
(116, 240, 1),
(117, 241, 1),
(118, 242, 1),
(119, 243, 1),
(120, 244, 1),
(121, 245, 1),
(122, 246, 1),
(123, 247, 1),
(124, 248, 1),
(125, 249, 1),
(126, 250, 1),
(127, 251, 1),
(128, 252, 1),
(129, 253, 1),
(130, 254, 1),
(131, 255, 1),
(132, 256, 1),
(133, 257, 1),
(134, 258, 1),
(135, 259, 1),
(136, 260, 1),
(137, 261, 1),
(138, 262, 1),
(139, 263, 1),
(140, 264, 1),
(141, 265, 1),
(142, 266, 1),
(143, 267, 1),
(144, 268, 1),
(145, 269, 1),
(146, 270, 1),
(147, 271, 1),
(148, 272, 1),
(149, 273, 1),
(150, 274, 1),
(151, 275, 1),
(152, 276, 1),
(153, 277, 1),
(154, 278, 1),
(155, 279, 1),
(156, 280, 1),
(157, 281, 1),
(158, 282, 1),
(159, 283, 1),
(160, 284, 1),
(161, 285, 1),
(162, 286, 1),
(163, 287, 1),
(164, 288, 1),
(165, 289, 1),
(166, 290, 1),
(167, 291, 1),
(168, 292, 1),
(169, 293, 1),
(170, 294, 1),
(171, 295, 1),
(172, 296, 1),
(173, 297, 1),
(174, 298, 1),
(175, 299, 1),
(176, 300, 1),
(177, 301, 1),
(178, 302, 1),
(179, 303, 1),
(180, 304, 1),
(181, 305, 1),
(182, 306, 1),
(183, 307, 1),
(184, 308, 1),
(185, 309, 1),
(186, 310, 1),
(187, 311, 1),
(188, 312, 1),
(189, 313, 1),
(190, 314, 1),
(191, 315, 1),
(192, 316, 1),
(193, 317, 1),
(194, 318, 1),
(195, 319, 1),
(196, 320, 1),
(197, 321, 1),
(198, 322, 1),
(199, 323, 1),
(200, 324, 1),
(201, 325, 1),
(202, 326, 1),
(203, 327, 1),
(204, 328, 1),
(205, 329, 1),
(206, 330, 1),
(207, 331, 1),
(208, 332, 1),
(209, 333, 1),
(210, 334, 1),
(211, 335, 1),
(212, 336, 1),
(213, 337, 1),
(214, 338, 1),
(215, 339, 1),
(216, 340, 1),
(217, 341, 1),
(218, 342, 1),
(219, 343, 1),
(220, 344, 1),
(221, 345, 1),
(222, 346, 1),
(223, 347, 1),
(224, 348, 1),
(225, 349, 1),
(226, 350, 1),
(227, 351, 1),
(228, 352, 1),
(229, 353, 1),
(230, 354, 1),
(231, 355, 1),
(232, 356, 1),
(233, 357, 1),
(234, 358, 1),
(235, 359, 1),
(236, 360, 1),
(237, 361, 1),
(238, 362, 1),
(239, 363, 1),
(240, 364, 1),
(241, 365, 1),
(242, 366, 1),
(243, 367, 1),
(244, 368, 1),
(245, 369, 1),
(246, 370, 1),
(247, 371, 1),
(248, 372, 1),
(249, 373, 1),
(250, 374, 1),
(251, 375, 1),
(252, 376, 1),
(253, 377, 1),
(254, 378, 1),
(255, 379, 1),
(256, 380, 1),
(257, 381, 1),
(258, 382, 1),
(259, 383, 1),
(260, 384, 1),
(261, 385, 1),
(262, 386, 1),
(263, 387, 1),
(264, 388, 1),
(265, 389, 1),
(266, 390, 1),
(267, 391, 1),
(268, 392, 1),
(269, 393, 1),
(270, 394, 1),
(271, 395, 1),
(272, 396, 1),
(273, 397, 1),
(274, 398, 1),
(275, 399, 1),
(276, 400, 1),
(277, 401, 1),
(278, 402, 1),
(279, 403, 1),
(280, 404, 1),
(281, 405, 1),
(282, 406, 1),
(283, 407, 1),
(284, 408, 1),
(285, 409, 1),
(286, 410, 1),
(287, 411, 1),
(288, 412, 1),
(289, 413, 1),
(290, 414, 1),
(291, 415, 1),
(292, 416, 1),
(293, 417, 1),
(294, 418, 1),
(295, 419, 1),
(296, 420, 1),
(297, 421, 1),
(298, 422, 1),
(299, 423, 1),
(300, 424, 1),
(301, 425, 1),
(302, 426, 1),
(303, 427, 1),
(304, 428, 1),
(305, 429, 1),
(306, 430, 1),
(307, 431, 1),
(308, 432, 1),
(309, 433, 1),
(310, 434, 1),
(311, 435, 1),
(312, 436, 1),
(313, 437, 1),
(314, 438, 1),
(315, 439, 1),
(316, 440, 1),
(317, 441, 1),
(318, 442, 1),
(319, 443, 1),
(320, 444, 1),
(321, 445, 1),
(322, 446, 1),
(323, 447, 1),
(324, 448, 1),
(325, 449, 1),
(326, 450, 1),
(327, 451, 1),
(328, 452, 1),
(329, 453, 1),
(330, 454, 1),
(331, 455, 1),
(332, 456, 1),
(333, 457, 1),
(334, 458, 1),
(335, 459, 1),
(336, 460, 1),
(337, 461, 1),
(338, 462, 1),
(339, 463, 1),
(340, 464, 1),
(341, 465, 1),
(342, 466, 1),
(343, 467, 1),
(344, 468, 1),
(345, 469, 1),
(346, 470, 1),
(347, 471, 1),
(348, 472, 1),
(349, 473, 1),
(350, 474, 1),
(351, 475, 1),
(352, 476, 1),
(353, 477, 1),
(354, 478, 1),
(355, 479, 1),
(356, 480, 1),
(357, 481, 1),
(358, 482, 1),
(359, 483, 1),
(360, 484, 1),
(361, 485, 1),
(362, 486, 1),
(363, 487, 1),
(364, 488, 1),
(365, 489, 1),
(366, 490, 1),
(367, 491, 1),
(368, 492, 1),
(369, 493, 1),
(370, 494, 1),
(371, 495, 1),
(372, 496, 1),
(373, 497, 1),
(374, 498, 1),
(375, 499, 1),
(376, 500, 1),
(377, 501, 1),
(378, 502, 1),
(379, 503, 1),
(380, 504, 1),
(381, 505, 1),
(382, 506, 1),
(383, 507, 1),
(384, 508, 1),
(385, 509, 1),
(386, 510, 1),
(387, 511, 1),
(388, 512, 1),
(389, 513, 1),
(390, 514, 1),
(391, 515, 1),
(392, 516, 1),
(393, 517, 1),
(394, 518, 1),
(395, 519, 1),
(396, 520, 1),
(397, 521, 1),
(398, 522, 1),
(399, 523, 1),
(400, 524, 1),
(401, 525, 1),
(402, 526, 1),
(403, 527, 1),
(404, 528, 1),
(405, 529, 1),
(406, 530, 1),
(407, 531, 1),
(408, 532, 1),
(409, 533, 1),
(410, 534, 1),
(411, 535, 1),
(412, 536, 1),
(413, 537, 1),
(414, 538, 1),
(415, 539, 1),
(416, 540, 1),
(417, 541, 1),
(418, 542, 1),
(419, 543, 1),
(420, 544, 1),
(421, 545, 1),
(422, 546, 1),
(423, 547, 1),
(424, 548, 1),
(425, 549, 1),
(426, 550, 1),
(427, 551, 1),
(428, 552, 1),
(429, 553, 1),
(430, 554, 1),
(431, 555, 1),
(432, 556, 1),
(433, 557, 1),
(434, 558, 1),
(435, 559, 1),
(436, 560, 1),
(437, 561, 1),
(438, 562, 1),
(439, 563, 1),
(440, 564, 1),
(441, 565, 1),
(442, 566, 1),
(443, 567, 1),
(444, 568, 1),
(445, 569, 1),
(446, 570, 1),
(447, 571, 1),
(448, 572, 1),
(449, 573, 1),
(450, 574, 1),
(451, 575, 1),
(452, 576, 1),
(453, 577, 1),
(454, 578, 1),
(455, 579, 1),
(456, 580, 1),
(457, 581, 1),
(458, 582, 1),
(459, 583, 1),
(460, 584, 1),
(461, 585, 1),
(462, 586, 1),
(463, 587, 1),
(464, 588, 1),
(465, 589, 1),
(466, 590, 1),
(467, 591, 1),
(468, 592, 1),
(469, 593, 1),
(470, 594, 1),
(471, 595, 1),
(472, 596, 1),
(473, 597, 1),
(474, 598, 1),
(475, 599, 1),
(476, 600, 1),
(477, 601, 1),
(478, 602, 1),
(479, 603, 1),
(480, 604, 1),
(481, 605, 1),
(482, 606, 1),
(483, 607, 1),
(484, 608, 1),
(485, 609, 1),
(486, 610, 1),
(487, 611, 1),
(488, 612, 1),
(489, 613, 1),
(490, 614, 1),
(491, 615, 1),
(492, 616, 1),
(493, 617, 1),
(494, 618, 1),
(495, 619, 1),
(496, 620, 1),
(497, 621, 1),
(498, 622, 1),
(499, 623, 1),
(500, 624, 1),
(501, 625, 1),
(502, 626, 1),
(503, 627, 1),
(504, 628, 1),
(505, 629, 1),
(506, 630, 1),
(507, 631, 1),
(508, 632, 1),
(509, 633, 1),
(510, 634, 1),
(511, 635, 1),
(512, 636, 1),
(513, 637, 1),
(514, 638, 1),
(515, 639, 1),
(516, 640, 1),
(517, 641, 1),
(518, 642, 1),
(519, 643, 1),
(520, 644, 1),
(521, 645, 1),
(522, 646, 1),
(523, 647, 1),
(524, 648, 1),
(525, 649, 1),
(526, 650, 1),
(527, 651, 1),
(528, 652, 1),
(529, 653, 1),
(530, 654, 1),
(531, 655, 1),
(532, 656, 1),
(533, 657, 1),
(534, 658, 1),
(535, 659, 1),
(536, 660, 1),
(537, 661, 1),
(538, 662, 1),
(539, 663, 1),
(540, 664, 1),
(541, 665, 1),
(542, 666, 1),
(543, 667, 1),
(544, 668, 1),
(545, 669, 1),
(546, 670, 1),
(547, 671, 1),
(548, 672, 1),
(549, 673, 1),
(550, 674, 1),
(551, 675, 1),
(552, 676, 1),
(553, 677, 1),
(554, 678, 1),
(555, 679, 1),
(556, 680, 1),
(557, 681, 1),
(558, 682, 1),
(559, 683, 1),
(560, 684, 1),
(561, 685, 1),
(562, 686, 1),
(563, 687, 1),
(564, 688, 1),
(565, 689, 1),
(566, 690, 1),
(567, 691, 1),
(568, 692, 1),
(569, 693, 1),
(570, 694, 1),
(571, 695, 1),
(572, 696, 1),
(573, 697, 1),
(574, 698, 1),
(575, 699, 1),
(576, 700, 1),
(577, 701, 1),
(578, 702, 1),
(579, 703, 1),
(580, 704, 1),
(581, 705, 1),
(582, 706, 1),
(583, 707, 1),
(584, 708, 1),
(585, 709, 1),
(586, 710, 1),
(587, 711, 1),
(588, 712, 1),
(589, 713, 1),
(590, 714, 1),
(591, 715, 1),
(592, 716, 1),
(593, 717, 1),
(594, 718, 1),
(595, 719, 1),
(596, 720, 1),
(597, 721, 1),
(598, 722, 1),
(599, 723, 1),
(600, 724, 1),
(601, 725, 1),
(602, 726, 1),
(603, 727, 1),
(604, 728, 1),
(605, 729, 1),
(606, 730, 1),
(607, 731, 1),
(608, 732, 1),
(609, 733, 1),
(610, 734, 1),
(611, 735, 1),
(612, 736, 1),
(613, 737, 1),
(614, 738, 1),
(615, 739, 1),
(616, 740, 1),
(617, 741, 1),
(618, 742, 1),
(619, 743, 1),
(620, 744, 1),
(621, 745, 1),
(622, 746, 1),
(623, 747, 1),
(624, 748, 1),
(625, 749, 1),
(626, 750, 1),
(627, 751, 1),
(628, 752, 1),
(629, 753, 1),
(630, 754, 1),
(631, 755, 1),
(632, 756, 1),
(633, 757, 1),
(634, 758, 1),
(635, 759, 1),
(636, 760, 1),
(637, 761, 1),
(638, 762, 1),
(639, 763, 1),
(640, 764, 1),
(641, 765, 1),
(642, 766, 1),
(643, 767, 1),
(644, 768, 1),
(645, 769, 1),
(646, 770, 1),
(647, 771, 1),
(648, 772, 1),
(649, 773, 1),
(650, 774, 1),
(651, 775, 1),
(652, 776, 1),
(653, 777, 1),
(654, 778, 1),
(655, 779, 1),
(656, 780, 1),
(657, 781, 1),
(658, 782, 1),
(659, 783, 1),
(660, 784, 1),
(661, 785, 1),
(662, 786, 1),
(663, 787, 1),
(664, 788, 1),
(665, 789, 1),
(666, 790, 1),
(667, 791, 1),
(668, 792, 1),
(669, 793, 1),
(670, 794, 1),
(671, 795, 1),
(672, 796, 1),
(673, 797, 1),
(674, 798, 1),
(675, 799, 1),
(676, 800, 1),
(677, 801, 1),
(678, 802, 1),
(679, 803, 1),
(680, 804, 1),
(681, 805, 1),
(682, 806, 1),
(683, 807, 1),
(684, 808, 1),
(685, 809, 1),
(686, 810, 1),
(687, 811, 1),
(688, 812, 1),
(689, 813, 1),
(690, 814, 1),
(691, 815, 1),
(692, 816, 1),
(693, 817, 1),
(694, 818, 1),
(695, 819, 1),
(696, 820, 1),
(697, 821, 1),
(698, 822, 1),
(699, 823, 1),
(700, 824, 1),
(701, 825, 1),
(702, 826, 1),
(703, 827, 1),
(704, 828, 1),
(705, 829, 1),
(706, 830, 1),
(707, 831, 1),
(708, 832, 1),
(709, 833, 1),
(710, 834, 1),
(711, 835, 1),
(712, 836, 1),
(713, 837, 1),
(714, 838, 1),
(715, 839, 1),
(716, 840, 1),
(717, 841, 1),
(718, 842, 1),
(719, 843, 1),
(720, 844, 1),
(721, 845, 1),
(722, 846, 1),
(723, 847, 1),
(724, 848, 1),
(725, 849, 1),
(726, 850, 1),
(727, 851, 1),
(728, 852, 1),
(729, 853, 1),
(730, 854, 1),
(731, 855, 1),
(732, 856, 1),
(733, 857, 1),
(734, 858, 1),
(735, 859, 1),
(736, 860, 1),
(737, 861, 1),
(738, 862, 1),
(739, 863, 1),
(740, 864, 1),
(741, 865, 1),
(742, 866, 1),
(743, 867, 1),
(744, 868, 1),
(745, 869, 1),
(746, 870, 1),
(747, 871, 1),
(748, 872, 1),
(749, 873, 1),
(750, 874, 1),
(751, 875, 1),
(752, 876, 1),
(753, 877, 1),
(754, 878, 1),
(755, 879, 1),
(756, 880, 1),
(757, 881, 1),
(758, 882, 1),
(759, 883, 1),
(760, 884, 1),
(761, 885, 1),
(762, 886, 1),
(763, 887, 1),
(764, 888, 1),
(765, 889, 1),
(766, 890, 1),
(767, 891, 1),
(768, 892, 1),
(769, 893, 1),
(770, 894, 1),
(771, 895, 1),
(772, 896, 1),
(773, 897, 1),
(774, 898, 1),
(775, 899, 1),
(776, 900, 1),
(777, 901, 1),
(778, 902, 1),
(779, 903, 1),
(780, 904, 1),
(781, 905, 1),
(782, 906, 1),
(783, 907, 1),
(784, 908, 1),
(785, 909, 1),
(786, 910, 1),
(787, 911, 1),
(788, 912, 1),
(789, 913, 1),
(790, 914, 1),
(791, 915, 1),
(792, 916, 1),
(793, 917, 1),
(794, 918, 1),
(795, 919, 1),
(796, 920, 1),
(797, 921, 1),
(798, 922, 1),
(799, 923, 1),
(800, 924, 1),
(801, 925, 1),
(802, 926, 1),
(803, 927, 1),
(804, 928, 1),
(805, 929, 1),
(806, 930, 1),
(807, 931, 1),
(808, 932, 1),
(809, 933, 1),
(810, 934, 1),
(811, 935, 1),
(812, 936, 1),
(813, 937, 1),
(814, 938, 1),
(815, 939, 1),
(816, 940, 1),
(817, 941, 1),
(818, 942, 1),
(819, 943, 1),
(820, 944, 1),
(821, 945, 1),
(822, 946, 1),
(823, 947, 1),
(824, 948, 1),
(825, 949, 1),
(826, 950, 1),
(827, 951, 1),
(828, 952, 1),
(829, 953, 1),
(830, 954, 1),
(831, 955, 1),
(832, 956, 1),
(833, 957, 1),
(834, 958, 1),
(835, 959, 1),
(836, 960, 1),
(837, 961, 1),
(838, 962, 1),
(839, 963, 1),
(840, 964, 1),
(841, 965, 1),
(842, 966, 1),
(843, 967, 1),
(844, 968, 1),
(845, 969, 1),
(846, 970, 1),
(847, 971, 1),
(848, 972, 1),
(849, 973, 1),
(850, 974, 1),
(851, 975, 1),
(852, 976, 1),
(853, 977, 1),
(854, 978, 1),
(855, 979, 1),
(856, 980, 1),
(857, 981, 1),
(858, 982, 1),
(859, 983, 1),
(860, 984, 1),
(861, 985, 1),
(862, 986, 1),
(863, 987, 1),
(864, 988, 1),
(865, 989, 1),
(866, 990, 1),
(867, 991, 1),
(868, 992, 1),
(869, 993, 1),
(870, 994, 1),
(871, 995, 1),
(872, 996, 1),
(873, 997, 1),
(874, 998, 1),
(875, 999, 1),
(876, 1000, 1),
(877, 1001, 1),
(878, 1002, 1),
(879, 1003, 1),
(880, 1004, 1),
(881, 1005, 1),
(882, 1006, 1),
(883, 1007, 1),
(884, 1008, 1),
(885, 1009, 1),
(886, 1010, 1),
(887, 1011, 1),
(888, 1012, 1),
(889, 1013, 1),
(890, 1014, 1),
(891, 1015, 1),
(892, 1016, 1),
(893, 1017, 1),
(894, 1018, 1),
(895, 1019, 1),
(896, 1020, 1),
(897, 1021, 1),
(898, 1022, 1),
(899, 1023, 1),
(900, 1024, 1),
(901, 1025, 1),
(902, 1026, 1),
(903, 1027, 1),
(904, 1028, 1),
(905, 1029, 1),
(906, 1030, 1),
(907, 1031, 1),
(908, 1032, 1),
(909, 1033, 1),
(910, 1034, 1),
(911, 1035, 1),
(912, 1036, 1),
(913, 1037, 1),
(914, 1038, 1),
(915, 1039, 1),
(916, 1040, 1),
(917, 1041, 1),
(918, 1042, 1),
(919, 1043, 1),
(920, 1044, 1),
(921, 1045, 1),
(922, 1046, 1),
(923, 1047, 1),
(924, 1048, 1),
(925, 1049, 1),
(926, 1050, 1),
(927, 1051, 1),
(928, 1052, 1),
(929, 1053, 1),
(930, 1054, 1),
(931, 1055, 1),
(932, 1056, 1),
(933, 1057, 1),
(934, 1058, 1),
(935, 1059, 1),
(936, 1060, 1),
(937, 1061, 1),
(938, 1062, 1),
(939, 1063, 1),
(940, 1064, 1),
(941, 1065, 1),
(942, 1066, 1),
(943, 1067, 1),
(944, 1068, 1),
(945, 1069, 1),
(946, 1070, 1),
(947, 1071, 1),
(948, 1072, 1),
(949, 1073, 1),
(950, 1074, 1),
(951, 1075, 1),
(952, 1076, 1),
(953, 1077, 1),
(954, 1078, 1),
(955, 1079, 1),
(956, 1080, 1),
(957, 1081, 1),
(958, 1082, 1),
(959, 1083, 1),
(960, 1084, 1),
(961, 1085, 1),
(962, 1086, 1),
(963, 1087, 1),
(964, 1088, 1),
(965, 1089, 1),
(966, 1090, 1),
(967, 1091, 1),
(968, 1092, 1),
(969, 1093, 1),
(970, 1094, 1),
(971, 1095, 1),
(972, 1096, 1),
(973, 1097, 1),
(974, 1098, 1),
(975, 1099, 1),
(976, 1100, 1),
(977, 1101, 1),
(978, 1102, 1),
(979, 1103, 1),
(980, 1104, 1),
(981, 1105, 1),
(982, 1106, 1),
(983, 1107, 1),
(984, 1108, 1),
(985, 1109, 1),
(986, 1110, 1),
(987, 1111, 1),
(988, 1112, 1),
(989, 1113, 1),
(990, 1114, 1),
(991, 1115, 1),
(992, 1116, 1),
(993, 1117, 1),
(994, 1118, 1),
(995, 1119, 1),
(996, 1120, 1),
(997, 1121, 1),
(998, 1122, 1),
(999, 1123, 1),
(1000, 1124, 1),
(1001, 1125, 1),
(1002, 1126, 1),
(1003, 1127, 1),
(1004, 1128, 1),
(1005, 1129, 1),
(1006, 1130, 1),
(1007, 1131, 1),
(1008, 1132, 1),
(1009, 1133, 1),
(1010, 1134, 1),
(1011, 1135, 1),
(1012, 1136, 1),
(1013, 1137, 1),
(1014, 1138, 1),
(1015, 1139, 1),
(1016, 1140, 1),
(1017, 1141, 1),
(1018, 1142, 1),
(1019, 1143, 1),
(1020, 1144, 1),
(1021, 1145, 1),
(1022, 1146, 1),
(1023, 1147, 1),
(1024, 1148, 1),
(1025, 1149, 1),
(1026, 1150, 1),
(1027, 1151, 1),
(1028, 1152, 1),
(1029, 1153, 1),
(1030, 1154, 1),
(1031, 1155, 1),
(1032, 1156, 1),
(1033, 1157, 1),
(1034, 1158, 1),
(1035, 1159, 1),
(1036, 1160, 1),
(1037, 1161, 1),
(1038, 1162, 1),
(1039, 1163, 1),
(1040, 1164, 1),
(1041, 1165, 1),
(1042, 1166, 1),
(1043, 1167, 1),
(1044, 1168, 1),
(1045, 1169, 1),
(1046, 1170, 1),
(1047, 1171, 1),
(1048, 1172, 1),
(1049, 1173, 1),
(1050, 1174, 1),
(1051, 1175, 1),
(1052, 1176, 1),
(1053, 1177, 1),
(1054, 1178, 1),
(1055, 1179, 1),
(1056, 1180, 1),
(1057, 1181, 1),
(1058, 1182, 1),
(1059, 1183, 1),
(1060, 1184, 1),
(1061, 1185, 1),
(1062, 1186, 1),
(1063, 1187, 1),
(1064, 1188, 1),
(1065, 1189, 1),
(1066, 1190, 1),
(1067, 1191, 1),
(1068, 1192, 1),
(1069, 1193, 1),
(1070, 1194, 1),
(1071, 1195, 1),
(1072, 1196, 1),
(1073, 1197, 1),
(1074, 1198, 1),
(1075, 1199, 1),
(1076, 1200, 1),
(1077, 1201, 1),
(1078, 1202, 1),
(1079, 1203, 1),
(1080, 1204, 1),
(1081, 1205, 1),
(1082, 1206, 1),
(1083, 1207, 1),
(1084, 1208, 1),
(1085, 1209, 1),
(1086, 1210, 1),
(1087, 1211, 1),
(1088, 1212, 1),
(1089, 1213, 1),
(1090, 1214, 1),
(1091, 1215, 1),
(1092, 1216, 1),
(1093, 1217, 1),
(1094, 1218, 1),
(1095, 1219, 1),
(1096, 1220, 1),
(1097, 1221, 1),
(1098, 1222, 1),
(1099, 1223, 1),
(1100, 1224, 1),
(1101, 1225, 1),
(1102, 1226, 1),
(1103, 1227, 1),
(1104, 1228, 1),
(1105, 1229, 1),
(1106, 1230, 1),
(1107, 1231, 1),
(1108, 1232, 1),
(1109, 1233, 1),
(1110, 1234, 1),
(1111, 1235, 1),
(1112, 1236, 1),
(1113, 1237, 1),
(1114, 1238, 1),
(1115, 1239, 1),
(1116, 1240, 1),
(1117, 1241, 1),
(1118, 1242, 1),
(1119, 1243, 1),
(1120, 1244, 1),
(1121, 1245, 1),
(1122, 1246, 1),
(1123, 1247, 1),
(1124, 1248, 1),
(1125, 1249, 1),
(1126, 1250, 1),
(1127, 1251, 1),
(1128, 1252, 1),
(1129, 1253, 1),
(1130, 1254, 1),
(1131, 1255, 1),
(1132, 1256, 1),
(1133, 1257, 1),
(1134, 1258, 1),
(1135, 1259, 1),
(1136, 1260, 1),
(1137, 1261, 1),
(1138, 1262, 1),
(1139, 1263, 1),
(1140, 1264, 1),
(1141, 1265, 1),
(1142, 1266, 1),
(1143, 1267, 1),
(1144, 1268, 1),
(1145, 1269, 1),
(1146, 1270, 1),
(1147, 1271, 1),
(1148, 1272, 1),
(1149, 1273, 1),
(1150, 1274, 1),
(1151, 1275, 1),
(1152, 1276, 1),
(1153, 1277, 1),
(1154, 1278, 1),
(1155, 1279, 1),
(1156, 1280, 1),
(1157, 1281, 1),
(1158, 1282, 1),
(1159, 1283, 1),
(1160, 1284, 1),
(1161, 1285, 1),
(1162, 1286, 1),
(1163, 1287, 1),
(1164, 1288, 1),
(1165, 1289, 1),
(1166, 1290, 1),
(1167, 1291, 1),
(1168, 1292, 1),
(1169, 1293, 1),
(1170, 1294, 1),
(1171, 1295, 1),
(1172, 1296, 1),
(1173, 1297, 1),
(1174, 1298, 1),
(1175, 1299, 1),
(1176, 1300, 1),
(1177, 1301, 1),
(1178, 1302, 1),
(1179, 1303, 1),
(1180, 1304, 1),
(1181, 1305, 1),
(1182, 1306, 1),
(1183, 1307, 1),
(1184, 1308, 1),
(1185, 1309, 1),
(1186, 1310, 1),
(1187, 1311, 1),
(1188, 1312, 1),
(1189, 1313, 1),
(1190, 1314, 1),
(1191, 1315, 1),
(1192, 1316, 1),
(1193, 1317, 1),
(1194, 1318, 1),
(1195, 1319, 1),
(1196, 1320, 1),
(1197, 1321, 1),
(1198, 1322, 1),
(1199, 1323, 1),
(1200, 1324, 1),
(1201, 1325, 1),
(1202, 1326, 1),
(1203, 1327, 1),
(1204, 1328, 1),
(1205, 1329, 1),
(1206, 1330, 1),
(1207, 1331, 1),
(1208, 1332, 1),
(1209, 1333, 1),
(1210, 1334, 1),
(1211, 1335, 1),
(1212, 1336, 1),
(1213, 1337, 1),
(1214, 1338, 1),
(1215, 1339, 1),
(1216, 1340, 1),
(1217, 1341, 1),
(1218, 1342, 1),
(1219, 1343, 1),
(1220, 1344, 1),
(1221, 1345, 1),
(1222, 1346, 1),
(1223, 1347, 1),
(1224, 1348, 1),
(1225, 1349, 1),
(1226, 1350, 1),
(1227, 1351, 1),
(1228, 1352, 1),
(1229, 1353, 1),
(1230, 1354, 1),
(1231, 1355, 1),
(1232, 1356, 1),
(1233, 1357, 1),
(1234, 1358, 1),
(1235, 1359, 1),
(1236, 1360, 1),
(1237, 1361, 1),
(1238, 1362, 1),
(1239, 1363, 1),
(1240, 1364, 1),
(1241, 1365, 1),
(1242, 1366, 1),
(1243, 1367, 1),
(1244, 1368, 1),
(1245, 1369, 1),
(1246, 1370, 1),
(1247, 1371, 1),
(1248, 1372, 1),
(1249, 1373, 1),
(1250, 1374, 1),
(1251, 1375, 1),
(1252, 1376, 1),
(1253, 1377, 1),
(1254, 1378, 1),
(1255, 1379, 1),
(1256, 1380, 1),
(1257, 1381, 1),
(1258, 1382, 1),
(1259, 1383, 1),
(1260, 1384, 1),
(1261, 1385, 1),
(1262, 1386, 1),
(1263, 1387, 1),
(1264, 1388, 1),
(1265, 1389, 1),
(1266, 1390, 1),
(1267, 1391, 1),
(1268, 1392, 1),
(1269, 1393, 1),
(1270, 1394, 1),
(1271, 1395, 1),
(1272, 1396, 1),
(1273, 1397, 1),
(1274, 1398, 1),
(1275, 1399, 1),
(1276, 1400, 1),
(1277, 1401, 1),
(1278, 1402, 1),
(1279, 1403, 1),
(1280, 1404, 1),
(1281, 1405, 1),
(1282, 1406, 1),
(1283, 1407, 1),
(1284, 1408, 1),
(1285, 1409, 1),
(1286, 1410, 1),
(1287, 1411, 1),
(1288, 1412, 1),
(1289, 1413, 1),
(1290, 1414, 1),
(1291, 1415, 1),
(1292, 1416, 1),
(1293, 1417, 1),
(1294, 1418, 1),
(1295, 1419, 1),
(1296, 1420, 1),
(1297, 1421, 1),
(1298, 1422, 1),
(1299, 1423, 1),
(1300, 1424, 1),
(1301, 1425, 1),
(1302, 1426, 1),
(1303, 1427, 1),
(1304, 1428, 1),
(1305, 1429, 1),
(1306, 1430, 1),
(1307, 1431, 1),
(1308, 1432, 1),
(1309, 1433, 1),
(1310, 1434, 1),
(1311, 1435, 1),
(1312, 1436, 1),
(1313, 1437, 1),
(1314, 1438, 1),
(1315, 1439, 1),
(1316, 1440, 1),
(1317, 1441, 1),
(1318, 1442, 1),
(1319, 1443, 1),
(1320, 1444, 1),
(1321, 1445, 1),
(1322, 1446, 1),
(1323, 1447, 1),
(1324, 1448, 1),
(1325, 1449, 1),
(1326, 1450, 1),
(1327, 1451, 1),
(1328, 1452, 1),
(1329, 1453, 1),
(1330, 1454, 1),
(1331, 1455, 1),
(1332, 1456, 1),
(1333, 1457, 1),
(1334, 1458, 1),
(1335, 1459, 1),
(1336, 1460, 1),
(1337, 1461, 1),
(1338, 1462, 1),
(1339, 1463, 1),
(1340, 1464, 1),
(1341, 1465, 1),
(1342, 1466, 1),
(1343, 1467, 1),
(1344, 1468, 1),
(1345, 1469, 1),
(1346, 1470, 1),
(1347, 1471, 1),
(1348, 1472, 1),
(1349, 1473, 1),
(1350, 1474, 1),
(1351, 1475, 1),
(1352, 1476, 1),
(1353, 1477, 1),
(1354, 1478, 1),
(1355, 1479, 1),
(1356, 1480, 1),
(1357, 1481, 1),
(1358, 1482, 1),
(1359, 1483, 1),
(1360, 1484, 1),
(1361, 1485, 1),
(1362, 1486, 1),
(1363, 1487, 1),
(1364, 1488, 1),
(1365, 1489, 1),
(1366, 1490, 1),
(1367, 1491, 1),
(1368, 1492, 1),
(1369, 1493, 1),
(1370, 1494, 1),
(1371, 1495, 1),
(1372, 1496, 1),
(1373, 1497, 1),
(1374, 1498, 1),
(1375, 1499, 1),
(1376, 1500, 1),
(1377, 1501, 1),
(1378, 1502, 1),
(1379, 1503, 1),
(1380, 1504, 1),
(1381, 1505, 1),
(1382, 1506, 1),
(1383, 1507, 1),
(1384, 1508, 1),
(1385, 1509, 1),
(1386, 1510, 1),
(1387, 1511, 1),
(1388, 1512, 1),
(1389, 1513, 1),
(1390, 1514, 1),
(1391, 1515, 1),
(1392, 1516, 1),
(1393, 1517, 1),
(1394, 1518, 1),
(1395, 1519, 1),
(1396, 1520, 1),
(1397, 1521, 1),
(1398, 1522, 1),
(1399, 1523, 1),
(1400, 1524, 1),
(1401, 1525, 1),
(1402, 1526, 1),
(1403, 1527, 1),
(1404, 1528, 1),
(1405, 1529, 1),
(1406, 1530, 1),
(1407, 1531, 1),
(1408, 1532, 1),
(1409, 1533, 1),
(1410, 1534, 1),
(1411, 1535, 1),
(1412, 1536, 1),
(1413, 1537, 1),
(1414, 1538, 1),
(1415, 1539, 1),
(1416, 1540, 1),
(1417, 1541, 1),
(1418, 1542, 1),
(1419, 1543, 1),
(1420, 1544, 1),
(1421, 1545, 1),
(1422, 1546, 1),
(1423, 1547, 1),
(1424, 1548, 1),
(1425, 1549, 1),
(1426, 1550, 1),
(1427, 1551, 1),
(1428, 1552, 1),
(1429, 1553, 1),
(1430, 1554, 1),
(1431, 1555, 1),
(1432, 1556, 1),
(1433, 1557, 1),
(1434, 1558, 1),
(1435, 1559, 1),
(1436, 1560, 1),
(1437, 1561, 1),
(1438, 1562, 1),
(1439, 1563, 1),
(1440, 1564, 1),
(1441, 1565, 1),
(1442, 1566, 1),
(1443, 1567, 1),
(1444, 1568, 1),
(1445, 1569, 1),
(1446, 1570, 1),
(1447, 1571, 1),
(1448, 1572, 1),
(1449, 1573, 1),
(1450, 1574, 1),
(1451, 1575, 1),
(1452, 1576, 1),
(1453, 1577, 1),
(1454, 1578, 1),
(1455, 1579, 1),
(1456, 1580, 1),
(1457, 1581, 1),
(1458, 1582, 1),
(1459, 1583, 1),
(1460, 1584, 1),
(1461, 1585, 1),
(1462, 1586, 1),
(1463, 1587, 1),
(1464, 1588, 1),
(1465, 1589, 1),
(1466, 1590, 1),
(1467, 1591, 1),
(1468, 1592, 1),
(1469, 1593, 1),
(1470, 1594, 1),
(1471, 1595, 1),
(1472, 1596, 1),
(1473, 1597, 1),
(1474, 1598, 1),
(1475, 1599, 1),
(1476, 1600, 1),
(1477, 1601, 1),
(1478, 1602, 1),
(1479, 1603, 1),
(1480, 1604, 1),
(1481, 1605, 1),
(1482, 1606, 1),
(1483, 1607, 1),
(1484, 1608, 1),
(1485, 1609, 1),
(1486, 1610, 1),
(1487, 1611, 1),
(1488, 1612, 1),
(1489, 1613, 1),
(1490, 1614, 1),
(1491, 1615, 1),
(1492, 1616, 1),
(1493, 1617, 1),
(1494, 1618, 1),
(1495, 1619, 1),
(1496, 1620, 1),
(1497, 1621, 1),
(1498, 1622, 1),
(1499, 1623, 1),
(1500, 1624, 1),
(1501, 1625, 1),
(1502, 1626, 1),
(1503, 1627, 1),
(1504, 1628, 1),
(1505, 1629, 1),
(1506, 1630, 1),
(1507, 1631, 1),
(1508, 1632, 1),
(1509, 1633, 1),
(1510, 1634, 1),
(1511, 1635, 1),
(1512, 1636, 1),
(1513, 1637, 1),
(1514, 1638, 1),
(1515, 1639, 1),
(1516, 1640, 1),
(1517, 1641, 1),
(1518, 1642, 1),
(1519, 1643, 1),
(1520, 1644, 1),
(1521, 1645, 1),
(1522, 1646, 1),
(1523, 1647, 1),
(1524, 1648, 1),
(1525, 1649, 1),
(1526, 1650, 1),
(1527, 1651, 1),
(1528, 1652, 1),
(1529, 1653, 1),
(1530, 1654, 1),
(1531, 1655, 1),
(1532, 1656, 1),
(1533, 1657, 1),
(1534, 1658, 1),
(1535, 1659, 1),
(1536, 1660, 1),
(1537, 1661, 1),
(1538, 1662, 1),
(1539, 1663, 1),
(1540, 1664, 1),
(1541, 1665, 1),
(1542, 1666, 1),
(1543, 1667, 1),
(1544, 1668, 1),
(1545, 1669, 1),
(1546, 1670, 1),
(1547, 1671, 1),
(1548, 1672, 1),
(1549, 1673, 1),
(1550, 1674, 1),
(1551, 1675, 1),
(1552, 1676, 1),
(1553, 1677, 1),
(1554, 1678, 1),
(1555, 1679, 1),
(1556, 1680, 1),
(1557, 1681, 1),
(1558, 1682, 1),
(1559, 1683, 1),
(1560, 1684, 1),
(1561, 1685, 1),
(1562, 1686, 1),
(1563, 1687, 1),
(1564, 1688, 1),
(1565, 1689, 1),
(1566, 1690, 1),
(1567, 1691, 1),
(1568, 1692, 1),
(1569, 1693, 1),
(1570, 1694, 1),
(1571, 1695, 1),
(1572, 1696, 1),
(1573, 1697, 1),
(1574, 1698, 1),
(1575, 1699, 1),
(1576, 1700, 1),
(1577, 1701, 1),
(1578, 1702, 1),
(1579, 1703, 1),
(1580, 1704, 1),
(1581, 1705, 1),
(1582, 1706, 1),
(1583, 1707, 1),
(1584, 1708, 1),
(1585, 1709, 1),
(1586, 1710, 1),
(1587, 1711, 1),
(1588, 1712, 1),
(1589, 1713, 1),
(1590, 1714, 1),
(1591, 1715, 1),
(1592, 1716, 1),
(1593, 1717, 1),
(1594, 1718, 1),
(1595, 1719, 1),
(1596, 1720, 1),
(1597, 1721, 1),
(1598, 1722, 1),
(1599, 1723, 1),
(1600, 1724, 1),
(1601, 1725, 1),
(1602, 1726, 1),
(1603, 1727, 1),
(1604, 1728, 1),
(1605, 1729, 1),
(1606, 1730, 1),
(1607, 1731, 1),
(1608, 1732, 1),
(1609, 1733, 1),
(1610, 1734, 1),
(1611, 1735, 1),
(1612, 1736, 1),
(1613, 1737, 1),
(1614, 1738, 1),
(1615, 1739, 1),
(1616, 1740, 1),
(1617, 1741, 1),
(1618, 1742, 1),
(1619, 1743, 1),
(1620, 1744, 1),
(1621, 1745, 1),
(1622, 1746, 1),
(1623, 1747, 1),
(1624, 1748, 1),
(1625, 1749, 1),
(1626, 1750, 1),
(1627, 1751, 1),
(1628, 1752, 1),
(1629, 1753, 1),
(1630, 1754, 1),
(1631, 1755, 1),
(1632, 1756, 1),
(1633, 1757, 1),
(1634, 1758, 1),
(1635, 1759, 1),
(1636, 1760, 1),
(1637, 1761, 1),
(1638, 1762, 1),
(1639, 1763, 1),
(1640, 1764, 1),
(1641, 1765, 1),
(1642, 1766, 1),
(1643, 1767, 1),
(1644, 1768, 1),
(1645, 1769, 1),
(1646, 1770, 1),
(1647, 1771, 1),
(1648, 1772, 1),
(1649, 1773, 1),
(1650, 1774, 1),
(1651, 1775, 1),
(1652, 1776, 1),
(1653, 1777, 1),
(1654, 1778, 1),
(1655, 1779, 1),
(1656, 1780, 1),
(1657, 1781, 1),
(1658, 1782, 1),
(1659, 1783, 1),
(1660, 1784, 1),
(1661, 1785, 1),
(1662, 1786, 1),
(1663, 1787, 1),
(1664, 1788, 1),
(1665, 1789, 1),
(1666, 1790, 1),
(1667, 1791, 1),
(1668, 1792, 1),
(1669, 1793, 1),
(1670, 1794, 1),
(1671, 1795, 1),
(1672, 1796, 1),
(1673, 1797, 1),
(1674, 1798, 1),
(1675, 1799, 1),
(1676, 1800, 1),
(1677, 1801, 1),
(1678, 1802, 1),
(1679, 1803, 1),
(1680, 1804, 1),
(1681, 1805, 1),
(1682, 1806, 1),
(1683, 1807, 1),
(1684, 1808, 1),
(1685, 1809, 1),
(1686, 1810, 1),
(1687, 1811, 1),
(1688, 1812, 1),
(1689, 1813, 1),
(1690, 1814, 1),
(1691, 1815, 1),
(1692, 1816, 1),
(1693, 1817, 1),
(1694, 1818, 1),
(1695, 1819, 1),
(1696, 1820, 1),
(1697, 1821, 1),
(1698, 1822, 1),
(1699, 1823, 1),
(1700, 1824, 1),
(1701, 1825, 1),
(1702, 1826, 1),
(1703, 1827, 1),
(1704, 1828, 1),
(1705, 1829, 1),
(1706, 1830, 1),
(1707, 1831, 1),
(1708, 1832, 1),
(1709, 1833, 1),
(1710, 1834, 1),
(1711, 1835, 1),
(1712, 1836, 1),
(1713, 1837, 1),
(1714, 1838, 1),
(1715, 1839, 1),
(1716, 1840, 1),
(1717, 1841, 1),
(1718, 1842, 1),
(1719, 1843, 1),
(1720, 1844, 1),
(1721, 1845, 1),
(1722, 1846, 1),
(1723, 1847, 1),
(1724, 1848, 1),
(1725, 1849, 1),
(1726, 1850, 1),
(1727, 1851, 1),
(1728, 1852, 1),
(1729, 1853, 1),
(1730, 1854, 1),
(1731, 1855, 1),
(1732, 1856, 1),
(1733, 1857, 1),
(1734, 1858, 1),
(1735, 1859, 1),
(1736, 1860, 1),
(1737, 1861, 1),
(1738, 1862, 1),
(1739, 1863, 1),
(1740, 1864, 1),
(1741, 1865, 1),
(1742, 1866, 1),
(1743, 1867, 1),
(1744, 1868, 1),
(1745, 1869, 1),
(1746, 1870, 1),
(1747, 1871, 1),
(1748, 1872, 1),
(1749, 1873, 1),
(1750, 1874, 1),
(1751, 1875, 1),
(1752, 1876, 1),
(1753, 1877, 1),
(1754, 1878, 1),
(1755, 1879, 1),
(1756, 1880, 1),
(1757, 1881, 1),
(1758, 1882, 1),
(1759, 1883, 1),
(1760, 1884, 1),
(1761, 1885, 1),
(1762, 1886, 1),
(1763, 1887, 1),
(1764, 1888, 1),
(1765, 1889, 1),
(1766, 1890, 1),
(1767, 1891, 1),
(1768, 1892, 1),
(1769, 1893, 1),
(1770, 1894, 1),
(1771, 1895, 1),
(1772, 1896, 1),
(1773, 1897, 1),
(1774, 1898, 1),
(1775, 1899, 1),
(1776, 1900, 1),
(1777, 1901, 1),
(1778, 1902, 1),
(1779, 1903, 1),
(1780, 1904, 1),
(1781, 1905, 1),
(1782, 1906, 1),
(1783, 1907, 1),
(1784, 1908, 1),
(1785, 1909, 1),
(1786, 1910, 1),
(1787, 1911, 1),
(1788, 1912, 1),
(1789, 1913, 1),
(1790, 1914, 1),
(1791, 1915, 1),
(1792, 1916, 1),
(1793, 1917, 1),
(1794, 1918, 1),
(1795, 1919, 1),
(1796, 1920, 1),
(1797, 1921, 1),
(1798, 1922, 1),
(1799, 1923, 1),
(1800, 1924, 1),
(1801, 1925, 1),
(1802, 1926, 1),
(1803, 1927, 1),
(1804, 1928, 1),
(1805, 1929, 1),
(1806, 1930, 1),
(1807, 1931, 1),
(1808, 1932, 1),
(1809, 1933, 1),
(1810, 1934, 1),
(1811, 1935, 1),
(1812, 1936, 1),
(1813, 1937, 1),
(1814, 1938, 1),
(1815, 1939, 1),
(1816, 1940, 1),
(1817, 1941, 1),
(1818, 1942, 1),
(1819, 1943, 1),
(1820, 1944, 1),
(1821, 1945, 1),
(1822, 1946, 1),
(1823, 1947, 1),
(1824, 1948, 1),
(1825, 1949, 1),
(1826, 1950, 1),
(1827, 1951, 1),
(1828, 1952, 1),
(1829, 1953, 1),
(1830, 1954, 1),
(1831, 1955, 1),
(1832, 1956, 1),
(1833, 1957, 1),
(1834, 1958, 1),
(1835, 1959, 1),
(1836, 1960, 1),
(1837, 1961, 1),
(1838, 1962, 1),
(1839, 1963, 1),
(1840, 1964, 1),
(1841, 1965, 1),
(1842, 1966, 1),
(1843, 1967, 1),
(1844, 1968, 1),
(1845, 1969, 1),
(1846, 1970, 1),
(1847, 1971, 1),
(1848, 1972, 1),
(1849, 1973, 1),
(1850, 1974, 1),
(1851, 1975, 1),
(1852, 1976, 1),
(1853, 1977, 1),
(1854, 1978, 1),
(1855, 1979, 1),
(1856, 1980, 1),
(1857, 1981, 1),
(1858, 1982, 1),
(1859, 1983, 1),
(1860, 1984, 1),
(1861, 1985, 1),
(1862, 1986, 1),
(1863, 1987, 1),
(1864, 1988, 1),
(1865, 1989, 1),
(1866, 1990, 1),
(1867, 1991, 1),
(1868, 1992, 1),
(1869, 1993, 1),
(1870, 1994, 1),
(1871, 1995, 1),
(1872, 1996, 1),
(1873, 1997, 1),
(1874, 1998, 1),
(1875, 1999, 1),
(1876, 2000, 1),
(1877, 2001, 1),
(1878, 2002, 1),
(1879, 2003, 1),
(1880, 2004, 1),
(1881, 2005, 1),
(1882, 2006, 1),
(1883, 2007, 1),
(1884, 2008, 1),
(1885, 2009, 1),
(1886, 2010, 1),
(1887, 2011, 1),
(1888, 2012, 1),
(1889, 2013, 1),
(1890, 2014, 1),
(1891, 2015, 1),
(1892, 2016, 1),
(1893, 2017, 1),
(1894, 2018, 1),
(1895, 2019, 1),
(1896, 2020, 1),
(1897, 2021, 1),
(1898, 2022, 1),
(1899, 2023, 1),
(1900, 2024, 1),
(1901, 2025, 1),
(1902, 2026, 1),
(1903, 2027, 1),
(1904, 2028, 1),
(1905, 2029, 1),
(1906, 2030, 1),
(1907, 2031, 1),
(1908, 2032, 1),
(1909, 2033, 1),
(1910, 2034, 1),
(1911, 2035, 1),
(1912, 2036, 1),
(1913, 2037, 1),
(1914, 2038, 1),
(1915, 2039, 1),
(1916, 2040, 1),
(1917, 2041, 1),
(1918, 2042, 1),
(1919, 2043, 1),
(1920, 2044, 1),
(1921, 2045, 1),
(1922, 2046, 1),
(1923, 2047, 1),
(1924, 2048, 1),
(1925, 2049, 1),
(1926, 2050, 1),
(1927, 2051, 1),
(1928, 2052, 1),
(1929, 2053, 1),
(1930, 2054, 1),
(1931, 2055, 1),
(1932, 2056, 1),
(1933, 2057, 1),
(1934, 2058, 1),
(1935, 2059, 1),
(1936, 2060, 1),
(1937, 2061, 1),
(1938, 2062, 1),
(1939, 2063, 1),
(1940, 2064, 1),
(1941, 2065, 1),
(1942, 2066, 1),
(1943, 2067, 1),
(1944, 2068, 1),
(1945, 2069, 1),
(1946, 2070, 1),
(1947, 2071, 1),
(1948, 2072, 1),
(1949, 2073, 1),
(1950, 2074, 1),
(1951, 2075, 1),
(1952, 2076, 1),
(1953, 2077, 1),
(1954, 2078, 1),
(1955, 2079, 1),
(1956, 2080, 1),
(1957, 2081, 1),
(1958, 2082, 1),
(1959, 2083, 1),
(1960, 2084, 1),
(1961, 2085, 1),
(1962, 2086, 1),
(1963, 2087, 1),
(1964, 2088, 1),
(1965, 2089, 1),
(1966, 2090, 1),
(1967, 2091, 1),
(1968, 2092, 1),
(1969, 2093, 1),
(1970, 2094, 1),
(1971, 2095, 1),
(1972, 2096, 1),
(1973, 2097, 1),
(1974, 2098, 1),
(1975, 2099, 1),
(1976, 2100, 1),
(1977, 2101, 1),
(1978, 2102, 1),
(1979, 2103, 1),
(1980, 2104, 1),
(1981, 2105, 1),
(1982, 2106, 1),
(1983, 2107, 1),
(1984, 2108, 1),
(1985, 2109, 1),
(1986, 2110, 1),
(1987, 2111, 1),
(1988, 2112, 1),
(1989, 2113, 1),
(1990, 2114, 1),
(1991, 2115, 1),
(1992, 2116, 1),
(1993, 2117, 1),
(1994, 2118, 1),
(1995, 2119, 1),
(1996, 2120, 1),
(1997, 2121, 1),
(1998, 2122, 1),
(1999, 2123, 1),
(2000, 2124, 1),
(2001, 2125, 1),
(2002, 2126, 1),
(2003, 2127, 1),
(2004, 2128, 1),
(2005, 2129, 1),
(2006, 2130, 1),
(2007, 2131, 1),
(2008, 2132, 1),
(2009, 2133, 1),
(2010, 2134, 1),
(2011, 2135, 1),
(2012, 2136, 1),
(2013, 2137, 1),
(2014, 2138, 1),
(2015, 2139, 1),
(2016, 2140, 1),
(2017, 2141, 1),
(2018, 2142, 1),
(2019, 2143, 1),
(2020, 2144, 1),
(2021, 2145, 1),
(2022, 2146, 1),
(2023, 2147, 1),
(2024, 2148, 1),
(2025, 2149, 1),
(2026, 2150, 1),
(2027, 2151, 1),
(2028, 2152, 1),
(2029, 2153, 1),
(2030, 2154, 1),
(2031, 2155, 1),
(2032, 2156, 1),
(2033, 2157, 1),
(2034, 2158, 1),
(2035, 2159, 1),
(2036, 2160, 1),
(2037, 2161, 1),
(2038, 2162, 1),
(2039, 2163, 1),
(2040, 2164, 1),
(2041, 2165, 1),
(2042, 2166, 1),
(2043, 2167, 1),
(2044, 2168, 1),
(2045, 2169, 1),
(2046, 2170, 1),
(2047, 2171, 1),
(2048, 2172, 1),
(2049, 2173, 1),
(2050, 2174, 1),
(2051, 2175, 1),
(2052, 2176, 1),
(2053, 2177, 1),
(2054, 2178, 1),
(2055, 2179, 1),
(2056, 2180, 1),
(2057, 2181, 1),
(2058, 2182, 1),
(2059, 2183, 1),
(2060, 2184, 1),
(2061, 2185, 1),
(2062, 2186, 1),
(2063, 2187, 1),
(2064, 2188, 1),
(2065, 2189, 1),
(2066, 2190, 1),
(2067, 2191, 1),
(2068, 2192, 1),
(2069, 2193, 1),
(2070, 2194, 1),
(2071, 2195, 1),
(2072, 2196, 1),
(2073, 2197, 1),
(2074, 2198, 1),
(2075, 2199, 1),
(2076, 2200, 1),
(2077, 2201, 1),
(2078, 2202, 1),
(2079, 2203, 1),
(2080, 2204, 1),
(2081, 2205, 1),
(2082, 2206, 1),
(2083, 2207, 1),
(2084, 2208, 1),
(2085, 2209, 1),
(2086, 2210, 1),
(2087, 2211, 1),
(2088, 2212, 1),
(2089, 2213, 1),
(2090, 2214, 1),
(2091, 2215, 1),
(2092, 2216, 1),
(2093, 2217, 1),
(2094, 2218, 1),
(2095, 2219, 1),
(2096, 2220, 1),
(2097, 2221, 1),
(2098, 2222, 1),
(2099, 2223, 1),
(2100, 2224, 1),
(2101, 2225, 1),
(2102, 2226, 1),
(2103, 2227, 1),
(2104, 2228, 1),
(2105, 2229, 1),
(2106, 2230, 1),
(2107, 2231, 1),
(2108, 2232, 1),
(2109, 2233, 1),
(2110, 2234, 1),
(2111, 2235, 1),
(2112, 2236, 1),
(2113, 2237, 1),
(2114, 2238, 1),
(2115, 2239, 1),
(2116, 2240, 4),
(2117, 2241, 4),
(2118, 2242, 3),
(2119, 2243, 2),
(2120, 2244, 1),
(2121, 2245, 1),
(2122, 2246, 1),
(2123, 2247, 4),
(2124, 2248, 3),
(2125, 2249, 2),
(2126, 2250, 1),
(2127, 2251, 1),
(2128, 2252, 1),
(2129, 2253, 1),
(2130, 2254, 1),
(2131, 2255, 1),
(2132, 2256, 1),
(2133, 2257, 1),
(2134, 2258, 1),
(2135, 2259, 1),
(2136, 2260, 1),
(2137, 2261, 1),
(2138, 2262, 1),
(2139, 2263, 1),
(2140, 2264, 1),
(2141, 2265, 1),
(2142, 2266, 1),
(2143, 2267, 1),
(2144, 2268, 1),
(2145, 2269, 1),
(2146, 2270, 1),
(2147, 2271, 1),
(2148, 2272, 1),
(2149, 2273, 1),
(2150, 2274, 1),
(2151, 2275, 1);

-- --------------------------------------------------------

--
-- Table structure for table `snrd`
--

CREATE TABLE `snrd` (
  `snrd_id` int(10) NOT NULL,
  `snrd_val` varchar(30) NOT NULL,
  `snsr_tijd` time(6) NOT NULL,
  `snsr_id` int(11) NOT NULL
) ENGINE=InnoDB DEFAULT CHARSET=latin1;

--
-- Dumping data for table `snrd`
--

INSERT INTO `snrd` (`snrd_id`, `snrd_val`, `snsr_tijd`, `snsr_id`) VALUES
(37, '1', '11:57:03.000000', 1),
(38, '1', '11:59:09.000000', 1),
(39, '1', '12:00:53.000000', 1),
(40, '1', '12:01:02.000000', 1),
(41, '1', '12:01:04.000000', 1),
(42, '1', '12:01:05.000000', 1),
(43, '1', '12:06:23.000000', 3),
(44, '1', '12:06:45.000000', 3),
(46, '75', '12:32:25.000000', 5),
(47, '1', '12:52:05.000000', 3),
(48, '26.3776902912', '12:55:08.000000', 6),
(49, '1', '12:55:43.000000', 3),
(50, '1', '12:55:48.000000', 7),
(51, '29.3800341527', '12:56:09.000000', 6),
(52, '31.5861421719', '12:57:09.000000', 6),
(53, '27.8862454709', '12:58:10.000000', 6),
(54, '62', '12:59:08.000000', 5),
(55, '1', '12:59:10.000000', 3),
(56, '32.2812750761', '12:59:11.000000', 6),
(57, '29.2949781285', '13:00:11.000000', 6),
(58, '1', '13:00:57.000000', 7),
(59, '29.9900663821', '13:01:12.000000', 6),
(60, '30.8371280229', '13:02:12.000000', 6),
(61, '1', '13:02:16.000000', 7),
(62, '1', '13:04:19.000000', 3),
(63, '1', '13:04:19.000000', 3),
(64, '1', '13:04:20.000000', 3),
(65, '1', '13:04:20.000000', 3),
(66, '32.2455313041', '13:05:05.000000', 6),
(67, '27.3481942141', '13:06:06.000000', 6),
(68, '31.7450651531', '13:07:07.000000', 6),
(69, '28.7869991212', '13:08:08.000000', 6),
(70, '71', '13:09:04.000000', 5),
(71, '25.014762798', '13:09:08.000000', 6),
(72, '28.9587041981', '13:10:09.000000', 6),
(73, '1', '13:11:02.000000', 3),
(74, '29.2880802515', '13:11:10.000000', 6),
(75, '33.9397413173', '13:12:11.000000', 6),
(76, '24.5775055657', '13:13:12.000000', 6),
(77, '71', '13:14:05.000000', 5),
(78, '30.1407926343', '13:14:13.000000', 6),
(79, '1', '13:14:53.000000', 3),
(80, '33.2161870101', '13:15:13.000000', 6),
(81, '1', '13:15:49.000000', 3),
(82, '31.8045393283', '13:16:14.000000', 6),
(83, '31.9026827101', '13:17:15.000000', 6),
(84, '30.7392443427', '13:18:15.000000', 6),
(85, '1', '13:18:49.000000', 3),
(86, '73', '13:19:06.000000', 5),
(87, '24.3834975944', '13:19:16.000000', 6),
(88, '26.8248349742', '13:20:17.000000', 6),
(89, '1', '13:20:29.000000', 3),
(90, '1', '13:20:39.000000', 3),
(91, '1', '13:20:41.000000', 3),
(92, '1', '13:20:41.000000', 3),
(93, '1', '13:20:42.000000', 3),
(94, '25.8374973742', '13:21:18.000000', 6),
(95, '31.5067630768', '13:22:19.000000', 6),
(96, '31.3401775024', '13:23:20.000000', 6),
(97, '89', '13:24:07.000000', 5),
(98, '32.5544168797', '13:24:21.000000', 6),
(99, '1', '13:24:50.000000', 3),
(100, '29.8780485403', '13:25:21.000000', 6),
(101, '32.4501344792', '13:26:22.000000', 6),
(102, '26.0702023709', '13:27:23.000000', 6),
(103, '1', '13:27:48.000000', 3),
(104, '1', '13:27:52.000000', 3),
(105, '28.5507457457', '13:28:24.000000', 6),
(106, '74', '13:29:08.000000', 5),
(107, '30.5147361879', '13:29:24.000000', 6),
(108, '29.932511949', '13:30:25.000000', 6),
(109, '28.4820581048', '13:31:27.000000', 6),
(110, '31.5279616014', '13:32:28.000000', 6),
(111, '29.568174717', '13:33:29.000000', 6),
(112, '58', '13:34:09.000000', 5),
(113, '27.1847409925', '13:34:29.000000', 6),
(114, '27.1430895264', '13:35:32.000000', 6),
(115, '25.7190984787', '13:36:33.000000', 6),
(116, '26.5273173703', '13:37:34.000000', 6),
(117, '32.4042269571', '13:38:35.000000', 6),
(118, '90', '13:39:10.000000', 5),
(119, '24.5352263945', '13:39:35.000000', 6),
(120, '33.00233068', '13:40:36.000000', 6),
(121, '33.2497875643', '13:41:37.000000', 6),
(122, '31.2688922752', '13:42:38.000000', 6),
(123, '33.8718210238', '13:43:39.000000', 6),
(124, '67', '13:44:10.000000', 5),
(125, '32.1959369372', '13:44:40.000000', 6),
(126, '30.1709123723', '13:45:41.000000', 6),
(127, '30.898605463', '13:46:42.000000', 6),
(128, '32.663557307', '13:47:43.000000', 6),
(129, '25.8144730748', '13:48:44.000000', 6),
(130, '1', '16:03:18.000000', 3),
(131, '1', '16:03:25.000000', 3),
(132, '24.8075870822', '16:03:41.000000', 6),
(133, '1', '16:04:07.000000', 3),
(134, '1', '16:04:10.000000', 3),
(135, '1', '16:04:27.000000', 3),
(136, '27.4640160928', '16:04:42.000000', 6),
(137, '24.4649261448', '16:05:43.000000', 6),
(138, '25.0121397642', '16:06:44.000000', 6),
(139, '62', '16:07:42.000000', 5),
(140, '27.8670246953', '16:07:45.000000', 6),
(141, '1', '16:08:40.000000', 3),
(142, '24.5413579013', '16:08:45.000000', 6),
(143, '1', '16:08:56.000000', 3),
(144, '32.6594689076', '16:09:46.000000', 6),
(145, '33.845328866', '16:10:47.000000', 6),
(146, '30.6413402369', '16:11:48.000000', 6),
(147, '74', '16:12:43.000000', 5),
(148, '33.9926105811', '16:12:49.000000', 6),
(149, '26.6337925661', '16:13:50.000000', 6),
(150, '27.4976764617', '16:14:51.000000', 6),
(151, '27.1363619788', '16:15:52.000000', 6),
(152, '24.6148248061', '16:16:53.000000', 6),
(153, '57', '16:17:43.000000', 5),
(154, '31.6456833955', '16:17:53.000000', 6),
(155, '1', '16:17:55.000000', 3),
(156, '28.0458655167', '16:18:55.000000', 6),
(157, '32.5042669564', '16:19:56.000000', 6),
(158, '26.8878332139', '16:20:57.000000', 6),
(159, '24.2568274231', '16:21:57.000000', 6),
(160, '75', '16:22:14.000000', 5),
(161, '70', '16:22:44.000000', 5),
(162, '25.0143538593', '16:22:58.000000', 6),
(163, '26.0226819556', '16:23:58.000000', 6),
(164, '1', '16:24:20.000000', 3),
(165, '31.9179443863', '16:24:59.000000', 6),
(166, '25.3985379835', '16:26:00.000000', 6),
(167, '25.7292818438', '16:27:01.000000', 6),
(168, '83', '16:27:45.000000', 5),
(169, '27.9847704773', '16:28:01.000000', 6),
(170, '33.986775273', '16:29:02.000000', 6),
(171, '25.205872149', '16:30:03.000000', 6),
(172, '28.2189142038', '16:31:04.000000', 6),
(173, '30.380772678', '16:32:05.000000', 6),
(174, '88', '16:32:46.000000', 5),
(175, '28.63201095', '16:33:06.000000', 6),
(176, '25.6682090356', '16:34:07.000000', 6),
(177, '27.1381476025', '16:35:08.000000', 6),
(178, '24.0955119091', '16:36:09.000000', 6),
(179, '28.5014782942', '16:37:10.000000', 6),
(180, '76', '16:37:47.000000', 5),
(181, '32.1474621595', '16:38:11.000000', 6),
(182, '24.3861196441', '16:39:12.000000', 6),
(183, '29.1566036812', '16:40:13.000000', 6),
(184, '30.0328268841', '16:41:14.000000', 6),
(185, '115', '16:42:09.000000', 5),
(186, '29.9076279661', '16:42:14.000000', 6),
(187, '76', '16:42:48.000000', 5),
(188, '26.1158312162', '16:43:15.000000', 6),
(189, '28.9741985622', '16:44:16.000000', 6),
(190, '26.2072984978', '16:45:17.000000', 6),
(191, '26.2079603314', '16:46:18.000000', 6),
(192, '24.6344395095', '16:47:18.000000', 6),
(193, '78', '16:47:49.000000', 5),
(194, '28.7860304857', '16:48:19.000000', 6),
(195, '115', '16:48:55.000000', 11),
(196, '25.4882140894', '16:49:20.000000', 6),
(197, '26.9875824929', '16:50:21.000000', 6),
(198, '32.8377287898', '16:51:22.000000', 6),
(199, '33.5576883734', '16:52:23.000000', 6),
(200, '89', '16:52:49.000000', 5),
(201, '24.610805999', '16:53:24.000000', 6),
(202, '30.1694531221', '16:54:25.000000', 6),
(203, '32.9115144771', '16:55:26.000000', 6),
(204, '30.9189858744', '16:56:27.000000', 6),
(205, '30.1498834659', '16:57:28.000000', 6),
(206, '66', '16:57:50.000000', 5),
(207, '33.9961553559', '16:58:29.000000', 6),
(208, '31.5775576806', '16:59:30.000000', 6),
(209, '28.2104054509', '17:00:31.000000', 6),
(210, '33.8462813589', '17:01:33.000000', 6),
(211, '32.9266540493', '17:02:34.000000', 6),
(212, '56', '17:02:50.000000', 5),
(213, '33.4710967203', '17:03:35.000000', 6),
(214, '31.5722290737', '17:04:37.000000', 6),
(215, '28.2965961445', '17:05:38.000000', 6),
(216, '29.3932038353', '17:06:39.000000', 6),
(217, '26.3535613316', '17:07:40.000000', 6),
(218, '68', '17:07:51.000000', 5),
(219, '28.6211334947', '17:08:41.000000', 6),
(220, '24.4696328087', '17:09:42.000000', 6),
(221, '32.6197651313', '17:10:43.000000', 6),
(222, '31.3009410553', '17:11:45.000000', 6),
(223, '27.8614435828', '17:12:46.000000', 6),
(224, '74', '17:12:51.000000', 5),
(225, '26.1196500628', '17:13:47.000000', 6),
(226, '26.2700137992', '17:14:48.000000', 6),
(227, '30.1244507454', '17:15:49.000000', 6),
(228, '26.6767916598', '17:16:50.000000', 6),
(229, '29.7265353076', '17:17:51.000000', 6),
(230, '82', '17:17:52.000000', 5),
(231, '33.8444747654', '17:18:52.000000', 6),
(232, '29.8647770303', '17:19:53.000000', 6),
(233, '26.8186920166', '17:20:54.000000', 6),
(234, '30.9620846292', '17:21:55.000000', 6),
(235, '81', '17:22:53.000000', 5),
(236, '26.9718648497', '17:22:56.000000', 6),
(237, '32.8575756777', '17:23:57.000000', 6),
(238, '33.5438881513', '17:24:58.000000', 6),
(239, '29.7610601971', '17:25:59.000000', 6),
(240, '25.5079656684', '17:27:00.000000', 6),
(241, '84', '17:27:54.000000', 5),
(242, '30.5402944606', '17:28:01.000000', 6),
(243, '27.508534015', '17:29:02.000000', 6),
(244, '27.820316323', '17:30:05.000000', 6),
(245, '30.2066154642', '17:31:06.000000', 6),
(246, '25.6511408385', '17:32:07.000000', 6),
(247, '72', '17:32:55.000000', 5),
(248, '27.86766151', '17:33:08.000000', 6),
(249, '25.8312577328', '08:13:15.000000', 6),
(250, '24.4451699282', '08:14:16.000000', 6),
(251, '29.1306100875', '08:15:17.000000', 6),
(252, '25.8402258188', '08:16:18.000000', 6),
(253, '64', '08:17:15.000000', 5),
(254, '31.682790488', '08:17:18.000000', 6),
(255, '29.1065446937', '08:18:19.000000', 6),
(256, '28.8784576445', '08:19:20.000000', 6),
(257, '25.8962254447', '08:20:21.000000', 6),
(258, '27.2833346262', '08:21:22.000000', 6),
(259, '89', '08:22:16.000000', 5),
(260, '28.5751184712', '08:22:23.000000', 6),
(261, '26.4355578669', '08:23:24.000000', 6),
(262, '24.1518062146', '08:24:25.000000', 6),
(263, '27.3457241684', '08:25:26.000000', 6),
(264, '28.2807367226', '08:26:27.000000', 6),
(265, '68', '08:27:16.000000', 5),
(266, '33.7328267197', '08:27:27.000000', 6),
(267, '26.8669556266', '08:28:28.000000', 6),
(268, '27.0253440904', '08:29:29.000000', 6),
(269, '24.9477848625', '08:30:31.000000', 6),
(270, '28.1224551973', '08:31:32.000000', 6),
(271, '65', '08:32:17.000000', 5),
(272, '26.6822717299', '08:32:32.000000', 6),
(273, '29.0370142725', '08:33:33.000000', 6),
(274, '31.4633778901', '08:34:34.000000', 6),
(275, '27.9710621527', '08:35:35.000000', 6),
(276, '26.013104087', '08:36:36.000000', 6),
(277, '73', '08:37:18.000000', 5),
(278, '28.9127283894', '08:37:37.000000', 6),
(279, '31.8495932265', '08:38:38.000000', 6),
(280, '26.3350349864', '08:39:39.000000', 6),
(281, '30.6881848139', '08:40:40.000000', 6),
(282, '29.7232909091', '08:41:40.000000', 6),
(283, '84', '08:42:19.000000', 5),
(284, '25.6253228182', '08:42:41.000000', 6),
(285, '26.9318143743', '08:43:42.000000', 6),
(286, '24.8907475305', '08:44:43.000000', 6),
(287, '28.5308484215', '08:45:44.000000', 6),
(288, '30.9407725914', '08:46:45.000000', 6),
(289, '70', '08:47:20.000000', 5),
(290, '29.6821020489', '08:47:45.000000', 6),
(291, '33.2188003266', '08:48:46.000000', 6),
(292, '30.6183798472', '08:49:47.000000', 6),
(293, '30.6758049501', '08:50:48.000000', 6),
(294, '28.0346294296', '08:51:49.000000', 6),
(295, '81', '08:52:21.000000', 5),
(296, '29.9236627222', '08:52:49.000000', 6),
(297, '27.2632207306', '08:53:50.000000', 6),
(298, '27.0683691605', '08:54:51.000000', 6),
(299, '33.2169299453', '08:55:52.000000', 6),
(300, '25.8481348821', '08:56:53.000000', 6),
(301, '63', '08:57:22.000000', 5),
(302, '27.0908224109', '08:57:54.000000', 6),
(303, '31.9446705569', '08:58:55.000000', 6),
(304, '28.6362416397', '08:59:56.000000', 6),
(305, '32.8086661271', '09:00:57.000000', 6),
(306, '30.6299676501', '09:01:58.000000', 6),
(307, '88', '09:02:22.000000', 5),
(308, '33.6988300345', '09:02:59.000000', 6),
(309, '26.874888864', '09:04:00.000000', 6),
(310, '30.2180392284', '09:05:01.000000', 6),
(311, '33.9649406678', '09:06:02.000000', 6),
(312, '30.2118937149', '09:07:03.000000', 6),
(313, '87', '09:07:23.000000', 5),
(314, '29.6955834632', '09:08:04.000000', 6),
(315, '33.85337849', '09:09:05.000000', 6),
(316, '28.1228766795', '09:10:06.000000', 6),
(317, '24.8389537895', '09:11:07.000000', 6),
(318, '27.8424728175', '09:12:08.000000', 6),
(319, '56', '09:12:23.000000', 5),
(320, '29.142456572', '09:13:10.000000', 6),
(321, '27.6402042357', '09:14:12.000000', 6),
(322, '30.9742854054', '09:15:12.000000', 6),
(323, '33.1398719611', '09:16:13.000000', 6),
(324, '25.4094726359', '09:17:14.000000', 6),
(325, '55', '09:17:24.000000', 5),
(326, '25.5845256854', '09:18:15.000000', 6),
(327, '31.10418462', '09:19:16.000000', 6),
(328, '26.2547497394', '09:20:17.000000', 6),
(329, '32.6102955132', '09:21:18.000000', 6),
(330, '25.0633320998', '09:22:19.000000', 6),
(331, '60', '09:22:24.000000', 5),
(332, '26.7365919163', '09:23:20.000000', 6),
(333, '29.6485085916', '09:24:21.000000', 6),
(334, '25.4300701103', '09:25:22.000000', 6),
(335, '24.0660475002', '09:26:23.000000', 6),
(336, '28.0868250313', '09:27:24.000000', 6),
(337, '78', '09:27:25.000000', 5),
(338, '29.5347817738', '09:28:25.000000', 6),
(339, '33.6821476679', '09:29:26.000000', 6),
(340, '31.5111660361', '09:30:27.000000', 6),
(341, '24.0340507668', '09:31:28.000000', 6),
(342, '75', '09:32:26.000000', 5),
(343, '32.7918941614', '09:32:28.000000', 6),
(344, '25.9291835079', '09:33:29.000000', 6),
(345, '24.7200824533', '09:34:30.000000', 6),
(346, '26.0803748035', '09:35:31.000000', 6),
(347, '29.6616788718', '09:36:31.000000', 6),
(348, '85', '09:37:27.000000', 5),
(349, '33.1646709694', '09:37:32.000000', 6),
(350, '29.7395801564', '09:38:33.000000', 6),
(351, '31.2011612235', '09:39:34.000000', 6),
(352, '27.0865017444', '09:40:48.000000', 6),
(353, '26.9563527099', '09:41:49.000000', 6),
(354, '84', '09:42:28.000000', 5),
(355, '25.0834924854', '09:42:50.000000', 6),
(356, '32.2499895409', '09:43:51.000000', 6),
(357, '33.5000666914', '09:44:52.000000', 6),
(358, '32.364103978', '09:45:53.000000', 6),
(359, '30.1069063575', '09:46:53.000000', 6),
(360, '64', '09:47:28.000000', 5),
(361, '25.6091791632', '09:47:54.000000', 6),
(362, '25.5915953825', '09:48:55.000000', 6),
(363, '30.1532118483', '09:49:56.000000', 6),
(364, '29.2485353987', '09:50:57.000000', 6),
(365, '31.5118247011', '09:51:58.000000', 6),
(366, '82', '09:52:29.000000', 5),
(367, '27.1704464247', '09:52:58.000000', 6),
(368, '30.6623074564', '09:53:59.000000', 6),
(369, '25.7276760871', '09:55:00.000000', 6),
(370, '27.7889907639', '09:56:01.000000', 6),
(371, '32.3487284308', '09:57:02.000000', 6),
(372, '76', '09:57:29.000000', 5),
(373, '32.2075825776', '09:58:03.000000', 6),
(374, '27.0646772254', '09:59:04.000000', 6),
(375, '28.9408557731', '10:00:07.000000', 6),
(376, '27.0375285183', '10:01:08.000000', 6),
(377, '29.33406009', '10:02:10.000000', 6),
(378, '75', '10:02:30.000000', 5),
(379, '24.5252932647', '10:03:11.000000', 6),
(380, '24.3070690061', '10:04:12.000000', 6),
(381, '26.666001167', '10:05:13.000000', 6),
(382, '30.7757752248', '10:06:14.000000', 6),
(383, '24.9937180941', '10:07:15.000000', 6),
(384, '75', '10:07:30.000000', 5),
(385, '32.9995576072', '10:08:15.000000', 6),
(386, '24.4077260345', '10:09:16.000000', 6),
(387, '30.1700411998', '10:10:17.000000', 6),
(388, '26.6422027138', '10:11:18.000000', 6),
(389, '26.8316833052', '10:12:19.000000', 6),
(390, '60', '10:12:30.000000', 5),
(391, '31.6719487149', '10:13:21.000000', 6),
(392, '26.7151497195', '10:14:22.000000', 6),
(393, '24.7200733107', '10:15:22.000000', 6),
(394, '33.5265978047', '10:16:23.000000', 6),
(395, '26.5505703723', '10:17:24.000000', 6),
(396, '59', '10:17:31.000000', 5),
(397, '31.25448606', '10:18:25.000000', 6),
(398, '33.3807265865', '10:19:26.000000', 6),
(399, '25.0000836939', '10:20:27.000000', 6),
(400, '27.3490409951', '10:21:28.000000', 6),
(401, '29.526910329', '10:22:29.000000', 6),
(402, '76', '10:22:31.000000', 5),
(403, '28.3587643535', '10:23:30.000000', 6),
(404, '26.3733488651', '10:24:31.000000', 6),
(405, '31.2650801531', '10:25:32.000000', 6),
(406, '30.1250449535', '10:26:33.000000', 6),
(407, '86', '10:27:32.000000', 5),
(408, '26.9341468654', '10:27:33.000000', 6),
(409, '28.5056274626', '10:28:34.000000', 6),
(410, '30.6079570181', '10:29:35.000000', 6),
(411, '29.2942569094', '10:30:36.000000', 6),
(412, '28.3952954309', '10:31:37.000000', 6),
(413, '70', '10:32:33.000000', 5),
(414, '30.6592641717', '10:32:38.000000', 6),
(415, '30.4982818758', '10:33:39.000000', 6),
(416, '27.4931895271', '10:34:40.000000', 6),
(417, '33.3380963005', '10:35:41.000000', 6),
(418, '25.8721914596', '10:36:42.000000', 6),
(419, '64', '10:37:34.000000', 5),
(420, '28.1730540958', '10:37:42.000000', 6),
(421, '25.2160954132', '10:38:43.000000', 6),
(422, '33.7406583714', '10:39:44.000000', 6),
(423, '26.908655231', '10:40:45.000000', 6),
(424, '29.867261709', '10:41:46.000000', 6),
(425, '72', '10:42:35.000000', 5),
(426, '28.1519797548', '10:42:47.000000', 6),
(427, '32.0641499943', '10:43:48.000000', 6),
(428, '30.0950578733', '10:44:49.000000', 6),
(429, '33.5576764834', '10:45:50.000000', 6),
(430, '25.3085952343', '10:46:51.000000', 6),
(431, '58', '10:47:36.000000', 5),
(432, '31.8812279289', '10:47:51.000000', 6),
(433, '33.901829277', '10:48:52.000000', 6),
(434, '24.6074363366', '10:49:53.000000', 6),
(435, '26.7216173461', '10:50:54.000000', 6),
(436, '26.4980059851', '10:51:55.000000', 6),
(437, '89', '10:52:36.000000', 5),
(438, '32.1875579602', '10:52:55.000000', 6),
(439, '33.8130026051', '10:53:56.000000', 6),
(440, '26.7010817335', '10:54:56.000000', 6),
(441, '30.0117382637', '10:55:57.000000', 6),
(442, '28.3158118862', '10:56:57.000000', 6),
(443, '80', '10:57:37.000000', 5),
(444, '28.0047507499', '10:57:57.000000', 6),
(445, '25.3382131643', '10:58:58.000000', 6),
(446, '28.6225210629', '10:59:59.000000', 6),
(447, '28.440407448', '11:00:59.000000', 6),
(448, '27.0485155868', '11:02:00.000000', 6),
(449, '81', '11:02:37.000000', 5),
(450, '24.2588308959', '11:03:00.000000', 6),
(451, '27.8482470091', '11:04:01.000000', 6),
(452, '25.3189992213', '11:05:01.000000', 6),
(453, '33.3580189297', '11:06:02.000000', 6),
(454, '31.4535972322', '11:07:02.000000', 6),
(455, '60', '11:07:38.000000', 5),
(456, '33.3523799988', '11:08:03.000000', 6),
(457, '28.8389284521', '11:09:03.000000', 6),
(458, '26.8069505411', '11:10:04.000000', 6),
(459, '26.8178529649', '11:11:04.000000', 6),
(460, '29.0291299184', '11:12:05.000000', 6),
(461, '75', '11:12:38.000000', 5),
(462, '33.7437626458', '11:13:05.000000', 6),
(463, '32.7848388799', '11:14:06.000000', 6),
(464, '30.9094620991', '11:15:06.000000', 6),
(465, '32.5347626467', '11:16:07.000000', 6),
(466, '25.1345735674', '11:17:07.000000', 6),
(467, '55', '11:17:39.000000', 5),
(468, '26.0011703692', '11:18:08.000000', 6),
(469, '25.7913296991', '11:19:10.000000', 6),
(470, '30.9616831703', '11:20:10.000000', 6),
(471, '30.9211256223', '11:21:11.000000', 6),
(472, '30.300724064', '11:22:11.000000', 6),
(473, '69', '11:22:39.000000', 5),
(474, '30.7921569491', '11:23:12.000000', 6),
(475, '28.8036036687', '11:24:12.000000', 6),
(476, '31.1382357246', '11:25:12.000000', 6),
(477, '32.7095618258', '11:26:13.000000', 6),
(478, '30.3027803422', '11:27:14.000000', 6),
(479, '65', '11:27:40.000000', 5),
(480, '32.3216504421', '11:38:20.000000', 6),
(481, '27.3520925824', '11:39:21.000000', 6),
(482, '27.0188889055', '11:40:21.000000', 6),
(483, '26.5280302961', '11:41:22.000000', 6),
(484, '33.8595442894', '11:42:22.000000', 6),
(485, '78', '11:42:41.000000', 5),
(486, '25.8565455383', '11:43:23.000000', 6),
(487, '26.239303472', '11:44:23.000000', 6),
(488, '27.4984579449', '11:45:24.000000', 6),
(489, '28.2329296271', '11:46:25.000000', 6),
(490, '27.5040964563', '11:47:25.000000', 6),
(491, '74', '11:47:42.000000', 5),
(492, '29.4177656537', '11:48:25.000000', 6),
(493, '28.9822874965', '11:49:26.000000', 6),
(494, '28.2847872023', '11:50:26.000000', 6),
(495, '25.0689911915', '11:51:27.000000', 6),
(496, '30.7318751213', '11:52:27.000000', 6),
(497, '57', '11:52:42.000000', 5),
(498, '29.4258331699', '11:53:28.000000', 6),
(499, '31.181626295', '11:54:28.000000', 6),
(500, '31.1194867134', '11:55:29.000000', 6),
(501, '31.6968624369', '11:56:30.000000', 6),
(502, '26.3827994972', '11:57:30.000000', 6),
(503, '67', '11:57:43.000000', 5),
(504, '28.6673974216', '11:58:31.000000', 6),
(505, '31.0528430591', '11:59:31.000000', 6),
(506, '26.4900619169', '12:00:32.000000', 6),
(507, '25.2473522419', '12:01:32.000000', 6),
(508, '26.8425743803', '12:02:32.000000', 6),
(509, '61', '12:02:43.000000', 5),
(510, '27.4345660198', '12:03:33.000000', 6),
(511, '25.1539060411', '12:04:33.000000', 6),
(512, '29.4481732268', '12:05:34.000000', 6),
(513, '30.2612614104', '12:06:34.000000', 6),
(514, '27.4703179381', '12:07:35.000000', 6),
(515, '64', '12:07:44.000000', 5),
(516, '33.3935871741', '12:08:36.000000', 6),
(517, '27.7764531787', '12:09:37.000000', 6),
(518, '28.8924387852', '12:10:38.000000', 6),
(519, '31.1123614509', '12:11:39.000000', 6),
(520, '27.6681251565', '12:12:40.000000', 6),
(521, '66', '12:12:44.000000', 5),
(522, '33.52806702', '12:13:41.000000', 6),
(523, '24.887092349', '12:14:42.000000', 6),
(524, '30.5357330508', '12:15:43.000000', 6),
(525, '31.4743834959', '12:16:44.000000', 6),
(526, '62', '12:17:45.000000', 5),
(527, '26.8650402133', '12:17:45.000000', 6),
(528, '28.5969952341', '12:18:46.000000', 6),
(529, '30.8849749316', '12:19:47.000000', 6),
(530, '27.6817911971', '12:20:48.000000', 6),
(531, '32.317278074', '12:21:49.000000', 6),
(532, '63', '12:22:46.000000', 5),
(533, '24.6273541227', '12:22:50.000000', 6),
(534, '24.5003313168', '12:23:51.000000', 6),
(535, '28.3813128061', '12:24:52.000000', 6),
(536, '27.041052365', '12:25:53.000000', 6),
(537, '30.7549274971', '12:26:54.000000', 6),
(538, '66', '12:27:47.000000', 5),
(539, '29.4942017135', '12:27:54.000000', 6),
(540, '27.5768176503', '12:28:55.000000', 6),
(541, '33.571468537', '12:29:56.000000', 6),
(542, '29.7847555206', '12:30:57.000000', 6),
(543, '25.4748672191', '12:31:58.000000', 6),
(544, '69', '12:32:48.000000', 5),
(545, '27.2052233047', '12:32:59.000000', 6),
(546, '32.3272528382', '12:34:00.000000', 6),
(547, '25.5988701034', '12:35:01.000000', 6),
(548, '29.895072573', '12:36:02.000000', 6),
(549, '30.9327881847', '12:37:03.000000', 6),
(550, '55', '12:37:49.000000', 5),
(551, '28.7545970438', '12:38:04.000000', 6),
(552, '32.7767057081', '12:39:05.000000', 6),
(553, '30.308902133', '12:40:06.000000', 6),
(554, '25.9833203059', '12:41:07.000000', 6),
(555, '27.6970314387', '12:42:08.000000', 6),
(556, '80', '12:42:50.000000', 5),
(557, '27.3267090882', '12:43:08.000000', 6),
(558, '32.4716496572', '12:44:10.000000', 6),
(559, '28.6411147872', '12:45:11.000000', 6),
(560, '33.9985136508', '12:46:12.000000', 6),
(561, '25.2568569176', '12:47:13.000000', 6),
(562, '86', '12:47:51.000000', 5),
(563, '31.8658975291', '12:48:14.000000', 6),
(564, '32.7274903301', '12:49:15.000000', 6),
(565, '24.210571217', '12:50:15.000000', 6),
(566, '28.1022606525', '12:51:16.000000', 6),
(567, '25.9103781545', '12:52:16.000000', 6),
(568, '88', '12:52:51.000000', 5),
(569, '28.1766023555', '12:53:17.000000', 6),
(570, '29.4139774457', '12:54:17.000000', 6),
(571, '32.3519733006', '12:55:18.000000', 6),
(572, '28.2378830337', '12:56:18.000000', 6),
(573, '26.0430204941', '12:57:19.000000', 6),
(574, '60', '12:57:52.000000', 5),
(575, '29.6682444525', '12:58:19.000000', 6),
(576, '30.1067914009', '12:59:19.000000', 6),
(577, '32.0606226736', '13:00:20.000000', 6),
(578, '27.3769880397', '13:01:20.000000', 6),
(579, '30.5815008784', '13:02:21.000000', 6),
(580, '86', '13:02:52.000000', 5),
(581, '28.26804721', '13:03:21.000000', 6),
(582, '32.5720989765', '13:04:22.000000', 6),
(583, '28.3401490909', '13:05:22.000000', 6),
(584, '32.5426662944', '13:06:23.000000', 6),
(585, '26.4467836328', '13:07:24.000000', 6),
(586, '58', '13:07:53.000000', 5),
(587, '29.5504411366', '13:08:24.000000', 6),
(588, '32.4944598315', '13:09:24.000000', 6),
(589, '1', '13:09:40.000000', 3),
(590, '1', '13:10:02.000000', 3),
(591, '24.2241528397', '13:10:25.000000', 6),
(592, '33.4661911671', '13:11:25.000000', 6),
(593, '27.4744402368', '13:12:26.000000', 6),
(594, '86', '13:12:53.000000', 5),
(595, '31.2332269299', '13:13:26.000000', 6),
(596, '27.8382843827', '13:14:27.000000', 6),
(597, '25.963222219', '13:15:27.000000', 6),
(598, '30.5746121686', '13:16:27.000000', 6),
(599, '33.066297428', '13:17:28.000000', 6),
(600, '80', '13:17:54.000000', 5),
(601, '26.1758746473', '13:18:29.000000', 6),
(602, '24.2270884964', '13:19:29.000000', 6),
(603, '26.51059129', '13:20:29.000000', 6),
(604, '33.6539550521', '13:21:30.000000', 6),
(605, '28.3303088137', '13:22:31.000000', 6),
(606, '65', '13:22:55.000000', 5),
(607, '30.359688721', '13:23:31.000000', 6),
(608, '28.2820039859', '13:24:32.000000', 6),
(609, '26.7657755463', '13:25:32.000000', 6),
(610, '25.1839510615', '13:26:33.000000', 6),
(611, '27.1769349229', '13:27:33.000000', 6),
(612, '64', '13:27:55.000000', 5),
(613, '28.3090413225', '13:28:34.000000', 6),
(614, '33.7678420945', '13:29:34.000000', 6),
(615, '29.5720171061', '13:30:35.000000', 6),
(616, '31.9391929384', '13:31:35.000000', 6),
(617, '32.720501677', '13:32:35.000000', 6),
(618, '88', '13:32:55.000000', 5),
(619, '26.2456269205', '13:33:36.000000', 6),
(620, '25.2866491934', '13:34:36.000000', 6),
(621, '31.5002432491', '13:35:37.000000', 6),
(622, '30.4891080439', '13:36:37.000000', 6),
(623, '33.5138083763', '13:37:38.000000', 6),
(624, '87', '13:37:56.000000', 5),
(625, '31.1290001123', '13:38:38.000000', 6),
(626, '33.6431636146', '13:39:39.000000', 6),
(627, '32.1907652776', '13:40:40.000000', 6),
(628, '31.593425681', '13:41:41.000000', 6),
(629, '28.0134324707', '13:42:42.000000', 6),
(630, '59', '13:42:56.000000', 5),
(631, '29.5985800318', '13:43:43.000000', 6),
(632, '32.5677968177', '13:44:44.000000', 6),
(633, '30.892493664', '13:45:45.000000', 6),
(634, '29.6586579646', '13:46:46.000000', 6),
(635, '31.0522764012', '13:47:47.000000', 6),
(636, '90', '13:47:57.000000', 5),
(637, '29.8419916311', '13:48:49.000000', 6),
(638, '29.2868580975', '13:49:50.000000', 6),
(639, '32.9645405192', '13:50:51.000000', 6),
(640, '28.1628220688', '13:51:51.000000', 6),
(641, '28.1761310673', '13:52:52.000000', 6),
(642, '82', '13:52:57.000000', 5),
(643, '32.6126236387', '13:53:53.000000', 6),
(644, '29.5314502786', '13:54:54.000000', 6),
(645, '32.8524243471', '13:55:55.000000', 6),
(646, '25.7819437244', '13:56:55.000000', 6),
(647, '31.9935100406', '13:57:56.000000', 6),
(648, '57', '13:57:58.000000', 5),
(649, '30.7449619295', '13:58:57.000000', 6),
(650, '26.4670207752', '13:59:58.000000', 6),
(651, '24.4971899878', '14:00:59.000000', 6),
(652, '27.4884852908', '14:02:00.000000', 6),
(653, '59', '14:02:59.000000', 5),
(654, '26.8407849032', '14:03:01.000000', 6),
(655, '30.3948888778', '14:04:01.000000', 6),
(656, '33.4670578215', '14:05:03.000000', 6),
(657, '30.126698262', '14:06:04.000000', 6),
(658, '31.2492348618', '14:07:04.000000', 6),
(659, '1', '14:07:19.000000', 3),
(660, '1', '14:07:21.000000', 3),
(661, '59', '14:08:00.000000', 5),
(662, '24.7091685183', '14:08:05.000000', 6),
(663, '30.7486955944', '14:09:05.000000', 6),
(664, '33.88843985', '14:10:06.000000', 6),
(665, '26.9616278209', '14:11:07.000000', 6),
(666, '29.0203232531', '14:12:07.000000', 6),
(667, '89', '14:13:00.000000', 5),
(668, '25.4224781188', '14:13:08.000000', 6),
(669, '29.5876186714', '14:14:10.000000', 6),
(670, '30.9487192286', '14:15:11.000000', 6),
(671, '29.1697765793', '14:16:11.000000', 6),
(672, '31.4200751489', '14:17:12.000000', 6),
(673, '77', '14:18:01.000000', 5),
(674, '26.9081615567', '14:18:12.000000', 6),
(675, '25.3074278328', '14:19:13.000000', 6),
(676, '31.3418656088', '14:20:13.000000', 6),
(677, '29.7336929505', '14:21:14.000000', 6),
(678, '29.5764744487', '14:22:14.000000', 6),
(679, '66', '14:23:02.000000', 5),
(680, '27.0720629682', '14:23:14.000000', 6),
(681, '26.6197027341', '14:24:15.000000', 6),
(682, '24.2768236366', '14:25:15.000000', 6),
(683, '26.6693370382', '14:26:16.000000', 6),
(684, '32.6636569973', '14:27:16.000000', 6),
(685, '59', '14:28:03.000000', 5),
(686, '32.0805803044', '14:28:17.000000', 6),
(687, '24.2948294692', '14:29:17.000000', 6),
(688, '31.6552062994', '14:30:18.000000', 6),
(689, '30.6874797101', '14:31:18.000000', 6),
(690, '33.0721954296', '14:32:19.000000', 6),
(691, '87', '14:33:03.000000', 5),
(692, '31.131026761', '14:33:21.000000', 6),
(693, '1', '14:33:46.000000', 3),
(694, '1', '14:33:50.000000', 3),
(695, '27.6272505533', '14:34:21.000000', 6),
(696, '26.0490585361', '14:35:22.000000', 6),
(697, '25.5249522544', '14:36:22.000000', 6),
(698, '25.790031218', '14:37:23.000000', 6),
(699, '71', '14:38:04.000000', 5),
(700, '33.9904229217', '14:38:23.000000', 6),
(701, '24.918648304', '14:39:23.000000', 6),
(702, '1', '14:39:48.000000', 3),
(703, '26.7984052897', '14:40:25.000000', 6),
(704, '24.6878426927', '14:41:25.000000', 6),
(705, '25.0620805588', '14:42:26.000000', 6),
(706, '1', '14:42:43.000000', 3),
(707, '69', '14:43:04.000000', 5),
(708, '25.4791176968', '14:43:26.000000', 6),
(709, '29.0373620757', '14:44:26.000000', 6),
(710, '24.1627608792', '14:45:27.000000', 6),
(711, '25.9375807324', '14:46:28.000000', 6),
(712, '32.7667698927', '14:47:29.000000', 6),
(713, '82', '14:48:05.000000', 5),
(714, '31.6850599375', '14:48:29.000000', 6),
(715, '28.8796977607', '14:49:29.000000', 6),
(716, '28.6490327158', '14:50:30.000000', 6),
(717, '32.1607986531', '14:51:30.000000', 6),
(718, '25.3883417127', '14:52:31.000000', 6),
(719, '83', '14:53:06.000000', 5),
(720, '29.9962232945', '14:53:31.000000', 6),
(721, '29.6559953459', '14:54:32.000000', 6),
(722, '28.3390664506', '14:55:32.000000', 6),
(723, '32.2946000523', '14:56:32.000000', 6),
(724, '31.2281222797', '14:57:33.000000', 6),
(725, '86', '14:58:06.000000', 5),
(726, '30.1149135721', '14:58:33.000000', 6),
(727, '29.8872144419', '14:59:34.000000', 6),
(728, '32.061200113', '15:00:34.000000', 6),
(729, '31.7063475302', '15:01:34.000000', 6),
(730, '30.663567696', '15:02:35.000000', 6),
(731, '65', '15:03:07.000000', 5),
(732, '28.1732283864', '15:03:35.000000', 6),
(733, '26.863970897', '15:04:36.000000', 6),
(734, '25.1595489896', '15:05:36.000000', 6),
(735, '27.1895485196', '15:06:37.000000', 6),
(736, '27.1955642993', '15:07:37.000000', 6),
(737, '74', '15:08:07.000000', 5),
(738, '26.5886981338', '15:08:38.000000', 6),
(739, '25.065376602', '15:09:38.000000', 6),
(740, '26.555558494', '15:10:38.000000', 6),
(741, '31.6562325966', '15:11:39.000000', 6),
(742, '30.9123250919', '15:12:39.000000', 6),
(743, '79', '15:13:08.000000', 5),
(744, '32.9718050382', '15:13:40.000000', 6),
(745, '24.3414043379', '15:14:40.000000', 6),
(746, '27.2834415132', '15:15:41.000000', 6),
(747, '32.9934494393', '15:16:41.000000', 6),
(748, '27.7495247932', '15:17:42.000000', 6),
(749, '85', '15:18:10.000000', 5),
(750, '28.8158140989', '15:18:43.000000', 6),
(751, '31.293362443', '15:19:43.000000', 6),
(752, '33.5498875716', '15:20:43.000000', 6),
(753, '25.4550765727', '15:21:44.000000', 6),
(754, '32.1944130945', '15:22:44.000000', 6),
(755, '69', '15:23:10.000000', 5),
(756, '27.3102524725', '15:23:45.000000', 6),
(757, '28.8559879306', '15:24:45.000000', 6),
(758, '31.1366328396', '15:25:46.000000', 6),
(759, '28.9420238192', '15:26:46.000000', 6),
(760, '25.5795813883', '15:27:47.000000', 6),
(761, '75', '15:28:11.000000', 5),
(762, '28.3613072093', '15:28:47.000000', 6),
(763, '31.2909896334', '15:29:47.000000', 6),
(764, '27.1777258765', '15:30:48.000000', 6),
(765, '33.1865458129', '15:31:48.000000', 6),
(766, '26.967764248', '15:32:49.000000', 6),
(767, '77', '15:33:11.000000', 5),
(768, '26.3837489227', '15:33:49.000000', 6),
(769, '26.1984012875', '15:34:50.000000', 6),
(770, '24.5484690806', '15:35:51.000000', 6),
(771, '24.9599089268', '15:36:51.000000', 6),
(772, '24.59604344', '15:37:52.000000', 6),
(773, '90', '15:38:12.000000', 5),
(774, '30.4779594347', '15:38:52.000000', 6),
(775, '33.8920924667', '15:39:53.000000', 6),
(776, '29.33239127', '15:40:53.000000', 6),
(777, '28.8826140953', '15:41:54.000000', 6),
(778, '32.1374426037', '15:42:54.000000', 6),
(779, '69', '15:43:12.000000', 5),
(780, '33.8996160962', '15:43:55.000000', 6),
(781, '28.7046268974', '15:44:56.000000', 6),
(782, '31.9150736028', '15:45:57.000000', 6),
(783, '29.6977696589', '15:46:58.000000', 6),
(784, '30.875812883', '15:47:59.000000', 6),
(785, '79', '15:48:13.000000', 5),
(786, '30.4450126582', '15:49:00.000000', 6),
(787, '31.5835257714', '15:50:01.000000', 6),
(788, '32.9378624714', '15:51:02.000000', 6),
(789, '28.2399084269', '15:52:03.000000', 6),
(790, '24.3051082617', '15:53:04.000000', 6),
(791, '60', '15:53:13.000000', 5),
(792, '32.0069659774', '15:54:05.000000', 6),
(793, '31.1300228173', '15:55:06.000000', 6),
(794, '30.2495821651', '15:56:07.000000', 6),
(795, '29.3896554843', '15:57:08.000000', 6),
(796, '32.7433873155', '15:58:08.000000', 6),
(797, '73', '15:58:14.000000', 5),
(798, '24.8171923893', '15:59:11.000000', 6),
(799, '27.7209783354', '16:00:12.000000', 6),
(800, '33.1517965805', '16:01:13.000000', 6),
(801, '25.3634916795', '16:02:13.000000', 6),
(802, '27.2822563347', '16:03:14.000000', 6),
(803, '80', '16:03:14.000000', 5),
(804, '25.3078125576', '16:04:14.000000', 6),
(805, '30.3051903144', '16:05:15.000000', 6),
(806, '29.9659191765', '16:06:16.000000', 6),
(807, '25.3169470203', '16:07:17.000000', 6),
(808, '83', '16:08:15.000000', 5),
(809, '33.8859927962', '16:08:17.000000', 6),
(810, '25.5746039117', '16:09:18.000000', 6),
(811, '32.9250278289', '16:10:19.000000', 6),
(812, '31.6035352391', '16:11:25.000000', 6),
(813, '33.0938714959', '16:12:26.000000', 6),
(814, '80', '16:13:16.000000', 5),
(815, '33.8488568007', '16:13:27.000000', 6),
(816, '27.454861695', '16:14:28.000000', 6),
(817, '31.5574747097', '16:15:29.000000', 6),
(818, '30.7055940088', '16:16:29.000000', 6),
(819, '31.1545379748', '16:17:30.000000', 6),
(820, '90', '16:18:17.000000', 5),
(821, '24.0091390567', '16:18:30.000000', 6),
(822, '29.7139938447', '16:19:31.000000', 6),
(823, '26.3005411217', '16:20:31.000000', 6),
(824, '29.4573819095', '16:21:31.000000', 6),
(825, '30.7156586273', '16:22:32.000000', 6),
(826, '72', '16:23:17.000000', 5),
(827, '30.3690718109', '16:23:32.000000', 6),
(828, '28.4317884905', '16:24:33.000000', 6),
(829, '31.6184267109', '16:25:33.000000', 6),
(830, '24.0060193605', '16:26:34.000000', 6),
(831, '32.6658659735', '16:27:34.000000', 6),
(832, '79', '16:28:18.000000', 5),
(833, '31.5977662656', '16:28:35.000000', 6),
(834, '28.5761754653', '16:29:35.000000', 6),
(835, '26.8206312971', '16:30:36.000000', 6),
(836, '31.1332197751', '16:31:36.000000', 6),
(837, '24.4584991228', '16:32:37.000000', 6),
(838, '83', '16:33:18.000000', 5),
(839, '29.2825038988', '16:33:37.000000', 6),
(840, '26.7731347651', '16:34:38.000000', 6),
(841, '32.1518779958', '16:35:38.000000', 6),
(842, '29.927345986', '16:36:39.000000', 6),
(843, '29.7663958006', '16:37:39.000000', 6),
(844, '81', '16:38:19.000000', 5),
(845, '31.5124253771', '16:38:40.000000', 6),
(846, '28.9981165975', '16:39:40.000000', 6),
(847, '32.0108126505', '16:40:41.000000', 6),
(848, '24.0146390057', '16:41:41.000000', 6),
(849, '32.8691685143', '16:42:41.000000', 6),
(850, '76', '16:43:19.000000', 5),
(851, '26.9242176403', '16:43:42.000000', 6),
(852, '29.891540347', '16:44:42.000000', 6),
(853, '33.322831463', '16:45:43.000000', 6),
(854, '32.6578340592', '16:46:44.000000', 6),
(855, '27.7223963938', '16:47:45.000000', 6),
(856, '61', '16:48:20.000000', 5),
(857, '30.884765293', '16:48:46.000000', 6),
(858, '33.8052330894', '16:49:47.000000', 6),
(859, '32.9055156258', '16:50:48.000000', 6),
(860, '29.1431272582', '16:51:48.000000', 6),
(861, '28.9708776304', '16:52:49.000000', 6),
(862, '80', '16:53:21.000000', 5),
(863, '24.3264593022', '16:53:50.000000', 6),
(864, '28.9232003435', '16:54:51.000000', 6),
(865, '29.9320226266', '16:55:52.000000', 6),
(866, '30.9593924759', '16:56:53.000000', 6),
(867, '24.971779351', '16:57:54.000000', 6),
(868, '67', '16:58:22.000000', 5),
(869, '31.9629394463', '16:58:55.000000', 6),
(870, '25.2258936773', '16:59:56.000000', 6),
(871, '26.6502448605', '17:00:57.000000', 6),
(872, '25.2774672251', '17:01:58.000000', 6),
(873, '26.9447603393', '17:02:59.000000', 6),
(874, '76', '17:03:22.000000', 5),
(875, '26.3931591702', '17:04:00.000000', 6),
(876, '28.1319545762', '17:05:01.000000', 6),
(877, '32.3183410381', '17:06:03.000000', 6),
(878, '27.6677883693', '17:07:04.000000', 6),
(879, '24.7745349091', '17:08:05.000000', 6),
(880, '66', '17:08:23.000000', 5),
(881, '26.8402466501', '17:09:06.000000', 6),
(882, '31.214090221', '17:10:07.000000', 6),
(883, '31.0541024488', '17:11:08.000000', 6),
(884, '30.2931043036', '17:12:11.000000', 6),
(885, '24.9517398407', '17:13:12.000000', 6),
(886, '60', '17:13:24.000000', 5),
(887, '27.0717905484', '17:14:13.000000', 6),
(888, '27.7816278589', '17:15:14.000000', 6),
(889, '29.1796097345', '17:16:15.000000', 6),
(890, '25.7231456811', '17:17:16.000000', 6),
(891, '27.9754231501', '17:18:22.000000', 6),
(892, '89', '17:18:24.000000', 5),
(893, '31.1943452612', '17:19:23.000000', 6),
(894, '29.7888549011', '17:20:24.000000', 6),
(895, '24.695776107', '17:21:25.000000', 6),
(896, '27.0173864781', '17:22:26.000000', 6),
(897, '56', '17:23:25.000000', 5),
(898, '26.1994550991', '17:23:26.000000', 6),
(899, '26.1344482331', '17:24:27.000000', 6),
(900, '25.8202608644', '17:25:28.000000', 6),
(901, '32.3074183593', '17:26:29.000000', 6),
(902, '33.5070478973', '17:27:30.000000', 6),
(903, '88', '17:28:26.000000', 5),
(904, '31.1245337688', '17:28:30.000000', 6),
(905, '25.4955544062', '17:29:31.000000', 6),
(906, '29.5442550347', '17:30:32.000000', 6),
(907, '28.3615335', '17:31:33.000000', 6),
(908, '29.1932809415', '17:32:34.000000', 6),
(909, '87', '17:33:27.000000', 5),
(910, '32.2735367952', '17:33:34.000000', 6),
(911, '25.6801966213', '17:34:35.000000', 6),
(912, '27.5686430565', '17:35:36.000000', 6),
(913, '31.2565287686', '17:36:37.000000', 6),
(914, '31.1156309196', '17:37:38.000000', 6),
(915, '56', '17:38:28.000000', 5),
(916, '28.9993791792', '17:38:39.000000', 6),
(917, '1', '17:39:35.000000', 3),
(918, '28.6855571344', '17:39:39.000000', 6),
(919, '1', '17:40:20.000000', 3),
(920, '1', '17:40:21.000000', 3),
(921, '1', '17:40:22.000000', 3),
(922, '1', '17:40:23.000000', 3),
(923, '1', '17:40:24.000000', 3),
(924, '1', '17:40:25.000000', 3),
(925, '1', '17:40:26.000000', 3),
(926, '1', '17:40:27.000000', 3),
(927, '1', '17:40:27.000000', 3),
(928, '1', '17:40:28.000000', 3),
(929, '31.6930633259', '17:40:40.000000', 6),
(930, '1', '17:40:42.000000', 3),
(931, '1', '17:40:42.000000', 3),
(932, '1', '17:40:45.000000', 3),
(933, '1', '17:40:46.000000', 3),
(934, '1', '17:40:47.000000', 3),
(935, '1', '17:40:47.000000', 3),
(936, '1', '17:40:48.000000', 3),
(937, '31.6187056289', '17:41:41.000000', 6),
(938, '24.3207607332', '17:42:42.000000', 6),
(939, '59', '17:43:29.000000', 5),
(940, '27.6359087315', '17:43:42.000000', 6),
(941, '28.6399546836', '17:44:43.000000', 6),
(942, '33.3775387696', '17:45:44.000000', 6),
(943, '31.0361895975', '17:46:45.000000', 6),
(944, '25.6079985279', '17:47:46.000000', 6),
(945, '76', '17:48:30.000000', 5),
(946, '31.8613198643', '17:48:47.000000', 6),
(947, '24.3964886062', '17:49:48.000000', 6),
(948, '33.0031444802', '17:50:49.000000', 6),
(949, '32.1634314192', '17:51:49.000000', 6),
(950, '28.8664260011', '17:52:50.000000', 6),
(951, '67', '17:53:31.000000', 5),
(952, '24.5572288088', '17:53:51.000000', 6),
(953, '29.3316562908', '17:54:52.000000', 6),
(954, '33.8568021308', '17:55:53.000000', 6),
(955, '33.0764300805', '17:56:54.000000', 6),
(956, '30.384097821', '17:57:55.000000', 6),
(957, '75', '17:58:33.000000', 5),
(958, '27.5695914327', '17:58:55.000000', 6),
(959, '24.9090761043', '17:59:56.000000', 6),
(960, '30.7295037657', '18:00:57.000000', 6),
(961, '33.2704045342', '18:01:58.000000', 6),
(962, '28.7752491069', '18:02:59.000000', 6),
(963, '89', '18:03:34.000000', 5),
(964, '29.2317444151', '18:04:00.000000', 6),
(965, '26.9114294589', '18:05:01.000000', 6),
(966, '26.1004582627', '18:06:02.000000', 6),
(967, '30.9551223775', '18:07:03.000000', 6),
(968, '25.1730294592', '18:08:04.000000', 6),
(969, '57', '18:08:34.000000', 5),
(970, '26.1922922773', '18:09:04.000000', 6),
(971, '27.7943310681', '18:10:05.000000', 6),
(972, '27.9901364936', '18:11:06.000000', 6),
(973, '27.5847624489', '18:12:07.000000', 6),
(974, '29.3038512786', '18:13:08.000000', 6),
(975, '57', '18:13:35.000000', 5),
(976, '32.6009339227', '18:14:11.000000', 6),
(977, '1', '18:14:38.000000', 3),
(978, '1', '18:14:38.000000', 3),
(979, '31.659358594', '18:15:12.000000', 6),
(980, '32.3512968673', '18:16:13.000000', 6),
(981, '26.6893329694', '18:17:14.000000', 6),
(982, '31.7705242264', '18:18:15.000000', 6),
(983, '62', '18:18:35.000000', 5),
(984, '32.3880502226', '18:19:16.000000', 6),
(985, '31.9377360482', '18:20:17.000000', 6),
(986, '29.5054463624', '18:21:17.000000', 6),
(987, '30.0692632956', '18:22:18.000000', 6),
(988, '31.4358638152', '18:23:19.000000', 6),
(989, '90', '18:23:36.000000', 5),
(990, '24.5816161979', '18:24:20.000000', 6),
(991, '27.2225328589', '18:25:21.000000', 6),
(992, '30.0984022265', '18:26:22.000000', 6),
(993, '25.4124744685', '18:27:23.000000', 6),
(994, '28.736265228', '18:28:24.000000', 6),
(995, '64', '18:28:37.000000', 5),
(996, '26.1533439399', '18:29:25.000000', 6),
(997, '24.4137544118', '18:30:26.000000', 6),
(998, '24.6711953966', '18:31:27.000000', 6),
(999, '29.5062653744', '18:32:28.000000', 6),
(1000, '29.2478508306', '18:33:29.000000', 6),
(1001, '88', '18:33:37.000000', 5),
(1002, '26.5833666975', '18:34:30.000000', 6),
(1003, '28.0972145848', '18:35:31.000000', 6),
(1004, '33.5101430356', '18:36:32.000000', 6),
(1005, '30.1155435525', '18:37:33.000000', 6),
(1006, '25.4499678196', '18:38:34.000000', 6),
(1007, '74', '18:38:38.000000', 5),
(1008, '30.2763009478', '18:39:35.000000', 6),
(1009, '25.4169778558', '18:40:36.000000', 6),
(1010, '31.6001593611', '18:41:37.000000', 6),
(1011, '31.9723078421', '18:42:38.000000', 6),
(1012, '32.0971102696', '18:43:38.000000', 6),
(1013, '76', '18:43:39.000000', 5),
(1014, '24.3481716347', '18:44:39.000000', 6),
(1015, '25.5396514065', '18:45:40.000000', 6),
(1016, '31.842728622', '18:46:41.000000', 6),
(1017, '33.827177289', '18:47:42.000000', 6),
(1018, '61', '18:48:40.000000', 5),
(1019, '29.1592255349', '18:48:43.000000', 6),
(1020, '29.5177201077', '18:49:44.000000', 6),
(1021, '27.9782053056', '18:50:45.000000', 6),
(1022, '25.1628932103', '18:51:45.000000', 6),
(1023, '28.4110230336', '18:52:46.000000', 6),
(1024, '76', '18:53:41.000000', 5),
(1025, '32.1470529727', '18:53:47.000000', 6),
(1026, '31.4323378386', '18:54:48.000000', 6),
(1027, '29.5870727977', '18:55:49.000000', 6),
(1028, '33.6392230993', '18:56:50.000000', 6),
(1029, '27.2369127221', '18:57:51.000000', 6),
(1030, '55', '18:58:42.000000', 5),
(1031, '29.2176600423', '18:58:51.000000', 6),
(1032, '29.1649978089', '18:59:52.000000', 6),
(1033, '25.7956532306', '19:00:53.000000', 6),
(1034, '31.7430608961', '19:01:54.000000', 6),
(1035, '28.3098582129', '19:02:55.000000', 6),
(1036, '59', '19:03:43.000000', 5),
(1037, '30.6484679714', '19:03:56.000000', 6),
(1038, '27.9615331392', '19:04:56.000000', 6),
(1039, '29.5238069297', '19:05:57.000000', 6),
(1040, '30.1610828', '19:06:58.000000', 6),
(1041, '28.3077392652', '19:07:59.000000', 6),
(1042, '59', '19:08:44.000000', 5),
(1043, '30.3138600423', '19:09:00.000000', 6),
(1044, '28.5118550891', '19:10:01.000000', 6),
(1045, '27.2715918807', '19:11:02.000000', 6),
(1046, '30.8959788393', '19:12:03.000000', 6),
(1047, '25.240197547', '19:13:04.000000', 6),
(1048, '60', '19:13:45.000000', 5),
(1049, '28.4827083581', '19:14:04.000000', 6),
(1050, '32.2041120805', '19:15:05.000000', 6),
(1051, '28.7434965987', '19:16:06.000000', 6),
(1052, '30.8109111612', '19:17:07.000000', 6),
(1053, '28.4048256459', '19:18:08.000000', 6),
(1054, '61', '19:18:46.000000', 5),
(1055, '29.6680266441', '19:19:10.000000', 6),
(1056, '28.4201725797', '19:20:11.000000', 6),
(1057, '31.6669307073', '19:21:12.000000', 6),
(1058, '25.2499879912', '19:22:13.000000', 6),
(1059, '24.6620560962', '19:23:14.000000', 6),
(1060, '82', '19:23:47.000000', 5),
(1061, '27.8419944166', '19:24:15.000000', 6),
(1062, '24.2778249174', '19:25:16.000000', 6),
(1063, '24.6814235848', '19:26:17.000000', 6),
(1064, '33.5358962109', '19:27:18.000000', 6),
(1065, '33.048146991', '19:28:19.000000', 6),
(1066, '56', '19:28:47.000000', 5),
(1067, '26.0239394385', '19:29:20.000000', 6),
(1068, '32.9232403666', '19:30:21.000000', 6),
(1069, '33.6842342024', '19:31:22.000000', 6),
(1070, '26.2870250893', '19:32:23.000000', 6),
(1071, '1', '19:33:01.000000', 3),
(1072, '1', '19:33:06.000000', 3),
(1073, '1', '19:33:10.000000', 3),
(1074, '1', '19:33:12.000000', 3),
(1075, '1', '19:33:13.000000', 3),
(1076, '1', '19:33:13.000000', 3),
(1077, '1', '19:33:14.000000', 3),
(1078, '1', '19:33:15.000000', 3),
(1079, '1', '19:33:15.000000', 3),
(1080, '1', '19:33:16.000000', 3),
(1081, '1', '19:33:19.000000', 3),
(1082, '1', '19:33:20.000000', 3),
(1083, '1', '19:33:20.000000', 3),
(1084, '1', '19:33:21.000000', 3),
(1085, '1', '19:33:22.000000', 3),
(1086, '1', '19:33:22.000000', 3),
(1087, '1', '19:33:23.000000', 3),
(1088, '27.1315145031', '19:33:23.000000', 6),
(1089, '56', '19:33:48.000000', 5),
(1090, '24.9954721055', '19:34:24.000000', 6),
(1091, '27.6277179028', '19:35:25.000000', 6),
(1092, '29.4794700075', '19:36:26.000000', 6),
(1093, '27.1250847912', '19:37:27.000000', 6),
(1094, '27.3306877853', '19:38:28.000000', 6),
(1095, '77', '19:38:48.000000', 5),
(1096, '26.7711545621', '19:39:29.000000', 6),
(1097, '29.3668893575', '19:40:30.000000', 6),
(1098, '32.0960950638', '19:41:31.000000', 6),
(1099, '31.4471024467', '19:42:32.000000', 6),
(1100, '30.0807390401', '19:43:33.000000', 6),
(1101, '88', '19:43:49.000000', 5),
(1102, '24.0695735022', '19:44:34.000000', 6),
(1103, '30.3724645358', '19:45:35.000000', 6),
(1104, '33.3831152129', '19:46:35.000000', 6),
(1105, '29.038175417', '19:47:36.000000', 6),
(1106, '27.3737726314', '19:48:37.000000', 6),
(1107, '73', '19:48:49.000000', 5),
(1108, '32.73621257', '19:49:38.000000', 6),
(1109, '30.9487532684', '19:50:39.000000', 6),
(1110, '33.8803777582', '19:51:40.000000', 6),
(1111, '30.2943130924', '19:52:41.000000', 6),
(1112, '24.2546555713', '19:53:42.000000', 6),
(1113, '57', '19:53:50.000000', 5),
(1114, '26.0298898948', '19:54:43.000000', 6),
(1115, '25.0735390821', '19:55:44.000000', 6),
(1116, '24.8192583489', '19:56:45.000000', 6),
(1117, '24.7418100617', '19:57:46.000000', 6),
(1118, '25.1349414001', '19:58:47.000000', 6),
(1119, '88', '19:58:50.000000', 5),
(1120, '31.1035122794', '19:59:48.000000', 6),
(1121, '33.3145716709', '20:00:49.000000', 6),
(1122, '30.8006157539', '20:01:50.000000', 6),
(1123, '30.822815423', '20:02:51.000000', 6),
(1124, '30.4553473144', '20:03:51.000000', 6),
(1125, '80', '20:03:51.000000', 5),
(1126, '25.7062946333', '20:04:52.000000', 6),
(1127, '27.5115848616', '20:05:53.000000', 6),
(1128, '28.6442928841', '20:06:54.000000', 6),
(1129, '25.4361644623', '20:07:55.000000', 6),
(1130, '58', '20:08:52.000000', 5),
(1131, '29.443861305', '20:08:55.000000', 6),
(1132, '32.1754387228', '20:09:56.000000', 6),
(1133, '24.9245970977', '20:10:57.000000', 6),
(1134, '26.2547484954', '20:11:58.000000', 6),
(1135, '29.9766422062', '20:12:59.000000', 6),
(1136, '86', '20:13:53.000000', 5),
(1137, '27.6364902694', '20:14:00.000000', 6),
(1138, '28.671701417', '20:15:01.000000', 6),
(1139, '29.783795205', '20:16:01.000000', 6),
(1140, '27.8932943465', '20:17:03.000000', 6),
(1141, '33.5221121824', '20:18:04.000000', 6),
(1142, '62', '20:18:54.000000', 5),
(1143, '33.2686878976', '20:19:04.000000', 6),
(1144, '26.5484137032', '20:20:05.000000', 6),
(1145, '31.6682439997', '20:21:06.000000', 6),
(1146, '27.5499634736', '20:22:07.000000', 6),
(1147, '27.9328516318', '20:23:08.000000', 6),
(1148, '87', '20:23:55.000000', 5),
(1149, '26.2239655351', '20:24:10.000000', 6),
(1150, '29.0017742718', '20:25:11.000000', 6),
(1151, '31.2543922725', '20:26:12.000000', 6),
(1152, '24.256024419', '20:27:13.000000', 6),
(1153, '26.4532092455', '20:28:14.000000', 6),
(1154, '67', '20:28:56.000000', 5),
(1155, '33.2893852249', '20:29:15.000000', 6),
(1156, '30.24281223', '20:30:16.000000', 6),
(1157, '26.5325471362', '20:31:18.000000', 6),
(1158, '32.7222607413', '20:32:24.000000', 6),
(1159, '88', '20:34:09.000000', 5),
(1160, '29.379291983', '20:34:29.000000', 6),
(1161, '31.3372985536', '20:35:30.000000', 6),
(1162, '28.5995653773', '20:36:31.000000', 6),
(1163, '29.1609036439', '20:37:32.000000', 6),
(1164, '29.9696336631', '20:38:33.000000', 6),
(1165, '78', '20:39:11.000000', 5),
(1166, '24.3183892995', '20:39:33.000000', 6),
(1167, '31.8557728219', '20:40:34.000000', 6),
(1168, '26.0308283629', '20:41:35.000000', 6),
(1169, '32.1964659311', '20:42:36.000000', 6),
(1170, '25.9551754595', '20:43:37.000000', 6),
(1171, '75', '20:44:12.000000', 5),
(1172, '27.2752023549', '20:44:38.000000', 6),
(1173, '24.5690003014', '20:45:39.000000', 6),
(1174, '26.6882050779', '20:46:40.000000', 6),
(1175, '29.2225196371', '20:47:41.000000', 6),
(1176, '31.7483328053', '20:48:42.000000', 6),
(1177, '72', '20:49:13.000000', 5),
(1178, '33.3836610412', '20:49:42.000000', 6),
(1179, '1', '20:50:07.000000', 3),
(1180, '1', '20:50:07.000000', 3),
(1181, '1', '20:50:08.000000', 3),
(1182, '24.1751534165', '20:50:43.000000', 6),
(1183, '29.4180603141', '20:51:44.000000', 6),
(1184, '25.7444042066', '20:52:45.000000', 6),
(1185, '24.3334158986', '20:53:46.000000', 6),
(1186, '75', '20:54:14.000000', 5),
(1187, '24.0378116795', '20:54:47.000000', 6),
(1188, '33.2904808532', '20:55:48.000000', 6),
(1189, '26.0171383215', '20:56:49.000000', 6),
(1190, '31.6035436166', '20:57:50.000000', 6),
(1191, '31.9856210357', '20:58:51.000000', 6),
(1192, '57', '20:59:15.000000', 5),
(1193, '28.5009940507', '20:59:52.000000', 6),
(1194, '30.2116212279', '21:00:53.000000', 6),
(1195, '88', '21:04:16.000000', 5),
(1196, '81', '21:09:17.000000', 5),
(1197, '90', '21:14:18.000000', 5),
(1198, '79', '21:19:19.000000', 5),
(1199, '74', '21:24:20.000000', 5),
(1200, '69', '21:29:21.000000', 5),
(1201, '74', '21:34:22.000000', 5),
(1202, '89', '21:39:23.000000', 5),
(1203, '85', '21:44:24.000000', 5),
(1204, '73', '21:49:25.000000', 5),
(1205, '87', '21:54:26.000000', 5),
(1206, '67', '21:59:27.000000', 5),
(1207, '55', '22:04:28.000000', 5),
(1208, '60', '22:09:29.000000', 5),
(1209, '83', '22:14:30.000000', 5),
(1210, '88', '22:19:31.000000', 5),
(1211, '90', '22:24:33.000000', 5),
(1212, '77', '22:29:34.000000', 5),
(1213, '84', '22:34:35.000000', 5),
(1214, '70', '22:39:36.000000', 5),
(1215, '62', '22:44:37.000000', 5),
(1216, '76', '22:49:38.000000', 5),
(1217, '76', '22:54:39.000000', 5),
(1218, '77', '22:59:40.000000', 5),
(1219, '65', '23:04:40.000000', 5),
(1220, '56', '23:09:41.000000', 5),
(1221, '88', '23:14:43.000000', 5),
(1222, '77', '23:19:43.000000', 5),
(1223, '67', '23:24:45.000000', 5),
(1224, '57', '23:29:47.000000', 5),
(1225, '65', '23:34:48.000000', 5),
(1226, '60', '23:39:49.000000', 5),
(1227, '57', '23:44:50.000000', 5),
(1228, '59', '23:49:51.000000', 5),
(1229, '60', '23:54:52.000000', 5),
(1230, '57', '23:59:53.000000', 5),
(1231, '59', '00:04:54.000000', 5),
(1232, '66', '00:09:55.000000', 5),
(1233, '86', '00:14:56.000000', 5),
(1234, '79', '00:19:57.000000', 5),
(1235, '79', '00:24:58.000000', 5),
(1236, '81', '00:29:59.000000', 5),
(1237, '80', '00:35:00.000000', 5),
(1238, '78', '00:40:02.000000', 5),
(1239, '80', '00:45:03.000000', 5),
(1240, '78', '00:50:04.000000', 5),
(1241, '56', '00:55:05.000000', 5),
(1242, '76', '01:00:06.000000', 5),
(1243, '86', '01:05:07.000000', 5),
(1244, '79', '01:10:08.000000', 5),
(1245, '63', '01:15:11.000000', 5),
(1246, '57', '01:20:12.000000', 5),
(1247, '61', '01:25:13.000000', 5),
(1248, '59', '01:30:14.000000', 5),
(1249, '63', '01:35:15.000000', 5),
(1250, '73', '01:40:16.000000', 5),
(1251, '84', '01:45:17.000000', 5),
(1252, '74', '01:50:18.000000', 5),
(1253, '82', '01:55:19.000000', 5);
INSERT INTO `snrd` (`snrd_id`, `snrd_val`, `snsr_tijd`, `snsr_id`) VALUES
(1254, '60', '02:00:20.000000', 5),
(1255, '1', '03:06:36.000000', 3),
(1256, '32.6721768945', '10:00:24.000000', 6),
(1257, '56', '10:04:23.000000', 5),
(1258, '57', '10:09:24.000000', 5),
(1259, '88', '10:14:25.000000', 5),
(1260, '89', '10:19:26.000000', 5),
(1261, '56', '10:24:27.000000', 5),
(1262, '90', '10:29:28.000000', 5),
(1263, '65', '10:34:28.000000', 5),
(1264, '75', '10:39:29.000000', 5),
(1265, '79', '10:44:30.000000', 5),
(1266, '60', '10:49:31.000000', 5),
(1267, '65', '10:54:32.000000', 5),
(1268, '62', '10:59:32.000000', 5),
(1269, '57', '11:04:33.000000', 5),
(1270, '68', '11:09:33.000000', 5),
(1271, '28.5846668201', '11:15:40.000000', 6),
(1272, '33.8487095775', '11:16:40.000000', 6),
(1273, '29.8176665151', '11:17:41.000000', 6),
(1274, '25.7320510935', '11:18:41.000000', 6),
(1275, '88', '11:19:40.000000', 5),
(1276, '26.1529974854', '11:19:42.000000', 6),
(1277, '31.6809029166', '11:20:42.000000', 6),
(1278, '29.4028055033', '11:21:42.000000', 6),
(1279, '27.5499675559', '11:22:43.000000', 6),
(1280, '26.7343394682', '11:23:43.000000', 6),
(1281, '76', '11:24:40.000000', 5),
(1282, '29.6050380871', '11:24:44.000000', 6),
(1283, '26.4150109084', '11:25:44.000000', 6),
(1284, '31.7459118108', '11:26:45.000000', 6),
(1285, '26.9237115229', '11:27:45.000000', 6),
(1286, '32.7508987303', '11:28:46.000000', 6),
(1287, '75', '11:29:41.000000', 5),
(1288, '26.7690728323', '11:29:46.000000', 6),
(1289, '28.4070967854', '11:30:47.000000', 6),
(1290, '30.9317287238', '11:31:47.000000', 6),
(1291, '27.5532598969', '11:32:48.000000', 6),
(1292, '33.0374162059', '11:33:48.000000', 6),
(1293, '72', '11:34:41.000000', 5),
(1294, '32.04807332', '11:34:48.000000', 6),
(1295, '27.7650673762', '11:35:49.000000', 6),
(1296, '30.0049822863', '11:36:49.000000', 6),
(1297, '29.0590686795', '11:37:50.000000', 6),
(1298, '25.1525293458', '11:38:50.000000', 6),
(1299, '85', '11:39:42.000000', 5),
(1300, '27.2813068736', '11:39:51.000000', 6),
(1301, '28.843047479', '11:40:51.000000', 6),
(1302, '27.1231246', '11:41:51.000000', 6),
(1303, '25.7663838518', '11:42:52.000000', 6),
(1304, '24.5616357029', '11:43:52.000000', 6),
(1305, '56', '11:44:42.000000', 5),
(1306, '29.7579557335', '11:44:53.000000', 6),
(1307, '24.4043130719', '11:45:53.000000', 6),
(1308, '30.04549911', '11:46:54.000000', 6),
(1309, '27.2096313204', '11:47:54.000000', 6),
(1310, '29.0350386374', '11:48:55.000000', 6),
(1311, '89', '11:49:43.000000', 5),
(1312, '28.4814261099', '11:49:55.000000', 6),
(1313, '27.746929266', '11:50:55.000000', 6),
(1314, '31.2860682456', '11:51:56.000000', 6),
(1315, '29.7350196815', '11:52:56.000000', 6),
(1316, '31.8535706947', '11:53:57.000000', 6),
(1317, '80', '11:54:43.000000', 5),
(1318, '33.3351898858', '11:54:57.000000', 6),
(1319, '26.9092899698', '11:55:57.000000', 6),
(1320, '27.819906616', '11:56:58.000000', 6),
(1321, '25.985099669', '11:57:58.000000', 6),
(1322, '28.3650201761', '11:58:58.000000', 6),
(1323, '60', '11:59:43.000000', 5),
(1324, '28.9410904334', '11:59:59.000000', 6),
(1325, '33.999682755', '12:00:59.000000', 6),
(1326, '24.6858779334', '12:01:59.000000', 6),
(1327, '29.8399843718', '12:03:00.000000', 6),
(1328, '28.2598027474', '12:04:00.000000', 6),
(1329, '72', '12:04:44.000000', 5),
(1330, '25.5488941043', '12:05:01.000000', 6),
(1331, '24.6623521367', '12:06:01.000000', 6),
(1332, '33.5419939049', '12:07:02.000000', 6),
(1333, '27.8375405978', '12:08:03.000000', 6),
(1334, '25.9303203951', '12:09:04.000000', 6),
(1335, '87', '12:09:45.000000', 5),
(1336, '29.5016798562', '12:10:04.000000', 6),
(1337, '27.4857595914', '12:11:05.000000', 6),
(1338, '30.9388665726', '12:12:06.000000', 6),
(1339, '30.9754962678', '12:13:07.000000', 6),
(1340, '24.3485166011', '12:14:08.000000', 6),
(1341, '65', '12:14:46.000000', 5),
(1342, '30.3824650844', '12:15:08.000000', 6),
(1343, '33.1017584697', '12:16:09.000000', 6),
(1344, '27.9331493377', '12:17:11.000000', 6),
(1345, '32.8969690698', '12:18:12.000000', 6),
(1346, '32.4963940231', '12:19:12.000000', 6),
(1347, '59', '12:19:47.000000', 5),
(1348, '29.0912124236', '12:20:13.000000', 6),
(1349, '30.0889615881', '12:21:14.000000', 6),
(1350, '29.7726515185', '12:22:15.000000', 6),
(1351, '29.5568612908', '12:23:16.000000', 6),
(1352, '25.7812518813', '12:24:17.000000', 6),
(1353, '84', '12:24:47.000000', 5),
(1354, '27.251212926', '12:25:17.000000', 6),
(1355, '24.3277540779', '12:26:18.000000', 6),
(1356, '30.5632056448', '12:27:19.000000', 6),
(1357, '27.9347029796', '12:28:20.000000', 6),
(1358, '32.3602681089', '12:29:21.000000', 6),
(1359, '57', '12:29:48.000000', 5),
(1360, '30.5676728497', '12:30:22.000000', 6),
(1361, '33.2763404368', '12:31:23.000000', 6),
(1362, '26.9015339003', '12:32:24.000000', 6),
(1363, '33.0284807805', '12:33:25.000000', 6),
(1364, '27.7892199437', '12:34:26.000000', 6),
(1365, '55', '12:34:48.000000', 5),
(1366, '27.7128731085', '12:35:27.000000', 6),
(1367, '33.0558178186', '12:36:28.000000', 6),
(1368, '27.9752527839', '12:37:29.000000', 6),
(1369, '26.4219870188', '12:38:30.000000', 6),
(1370, '28.515419891', '12:39:31.000000', 6),
(1371, '83', '12:39:49.000000', 5),
(1372, '29.5109581629', '12:40:32.000000', 6),
(1373, '33.4318827653', '12:41:33.000000', 6),
(1374, '28.7497386987', '12:42:34.000000', 6),
(1375, '33.7470694309', '12:43:36.000000', 6),
(1376, '32.1017082553', '12:44:37.000000', 6),
(1377, '78', '12:44:49.000000', 5),
(1378, '32.0394535165', '12:45:38.000000', 6),
(1379, '27.683139302', '12:46:39.000000', 6),
(1380, '29.1882913533', '12:47:40.000000', 6),
(1381, '28.9270139866', '12:48:41.000000', 6),
(1382, '29.7161717787', '12:49:42.000000', 6),
(1383, '81', '12:49:50.000000', 5),
(1384, '26.2293711671', '12:50:43.000000', 6),
(1385, '30.2691084386', '12:51:44.000000', 6),
(1386, '32.2704740954', '12:52:45.000000', 6),
(1387, '26.1789554165', '12:53:46.000000', 6),
(1388, '29.743746993', '12:54:47.000000', 6),
(1389, '56', '12:54:50.000000', 5),
(1390, '31.6449708103', '12:55:48.000000', 6),
(1391, '26.8423221075', '12:56:49.000000', 6),
(1392, '33.5824677416', '12:57:50.000000', 6),
(1393, '25.3475478133', '12:58:51.000000', 6),
(1394, '80', '12:59:51.000000', 5),
(1395, '29.8316212974', '12:59:51.000000', 6),
(1396, '27.4074718956', '13:00:52.000000', 6),
(1397, '24.2932054739', '13:01:53.000000', 6),
(1398, '29.3977552013', '13:02:53.000000', 6),
(1399, '28.1071488722', '13:03:54.000000', 6),
(1400, '65', '13:04:51.000000', 5),
(1401, '28.8074636072', '13:04:54.000000', 6),
(1402, '29.2460451331', '13:05:54.000000', 6),
(1403, '33.2211301819', '13:06:55.000000', 6),
(1404, '28.1731371297', '13:07:55.000000', 6),
(1405, '28.6167190958', '13:08:56.000000', 6),
(1406, '80', '13:09:51.000000', 5),
(1407, '27.9749399737', '13:09:56.000000', 6),
(1408, '27.4501433255', '13:10:57.000000', 6),
(1409, '30.5217706216', '13:11:57.000000', 6),
(1410, '25.6274300623', '13:12:57.000000', 6),
(1411, '26.6224744327', '13:13:58.000000', 6),
(1412, '80', '13:14:52.000000', 5),
(1413, '32.9831265431', '13:14:58.000000', 6),
(1414, '28.765451398', '13:15:59.000000', 6),
(1415, '33.5953663842', '13:16:59.000000', 6),
(1416, '24.2597527593', '13:18:00.000000', 6),
(1417, '32.4276821396', '13:19:00.000000', 6),
(1418, '88', '13:19:52.000000', 5),
(1419, '26.1132950308', '13:20:00.000000', 6),
(1420, '32.971092668', '13:21:01.000000', 6),
(1421, '31.3337497808', '13:22:01.000000', 6),
(1422, '30.9576562608', '13:23:02.000000', 6),
(1423, '32.31164915', '13:24:02.000000', 6),
(1424, '55', '13:24:53.000000', 5),
(1425, '25.7248941488', '13:25:03.000000', 6),
(1426, '24.9263106049', '13:26:03.000000', 6),
(1427, '26.9380255103', '13:27:04.000000', 6),
(1428, '24.3821569603', '13:28:04.000000', 6),
(1429, '33.6036533591', '13:29:04.000000', 6),
(1430, '68', '13:29:53.000000', 5),
(1431, '32.198249298', '13:30:05.000000', 6),
(1432, '24.2735814847', '13:31:06.000000', 6),
(1433, '26.412532512', '13:32:06.000000', 6),
(1434, '32.6956516466', '13:33:06.000000', 6),
(1435, '32.2217244345', '13:34:07.000000', 6),
(1436, '59', '13:34:54.000000', 5),
(1437, '31.9446579134', '13:35:07.000000', 6),
(1438, '29.7096823886', '13:36:08.000000', 6),
(1439, '29.3342379293', '13:37:08.000000', 6),
(1440, '31.3450491979', '13:38:09.000000', 6),
(1441, '27.4151262109', '13:39:09.000000', 6),
(1442, '79', '13:39:54.000000', 5),
(1443, '27.4330135355', '13:40:10.000000', 6),
(1444, '33.5239905958', '13:41:10.000000', 6),
(1445, '27.5408836636', '13:42:11.000000', 6),
(1446, '26.4039406674', '13:43:11.000000', 6),
(1447, '28.0958926284', '13:44:12.000000', 6),
(1448, '57', '13:44:55.000000', 5),
(1449, '24.1917008733', '13:45:12.000000', 6),
(1450, '26.2312871917', '13:46:13.000000', 6),
(1451, '25.8262378215', '13:47:13.000000', 6),
(1452, '31.0819658236', '13:48:14.000000', 6),
(1453, '30.6668977819', '13:49:14.000000', 6),
(1454, '56', '13:49:55.000000', 5),
(1455, '32.5743273879', '13:50:15.000000', 6),
(1456, '26.4414228861', '13:51:15.000000', 6),
(1457, '26.1596401906', '13:52:16.000000', 6),
(1458, '29.2591254013', '13:53:16.000000', 6),
(1459, '31.9167058157', '13:54:16.000000', 6),
(1460, '79', '13:54:56.000000', 5),
(1461, '27.6292831611', '13:55:17.000000', 6),
(1462, '29.0311114649', '13:56:17.000000', 6),
(1463, '24.6673387935', '13:57:18.000000', 6),
(1464, '28.7289700248', '13:58:18.000000', 6),
(1465, '26.2013809898', '13:59:19.000000', 6),
(1466, '72', '13:59:56.000000', 5),
(1467, '31.8345967405', '14:00:19.000000', 6),
(1468, '33.4280582023', '14:01:20.000000', 6),
(1469, '29.0230848469', '14:02:20.000000', 6),
(1470, '25.75864391', '14:03:20.000000', 6),
(1471, '30.6619754412', '14:04:21.000000', 6),
(1472, '90', '14:04:57.000000', 5),
(1473, '29.1885711528', '14:05:21.000000', 6),
(1474, '32.1945978822', '14:06:22.000000', 6),
(1475, '27.8694705506', '14:07:22.000000', 6),
(1476, '27.9049027385', '14:08:22.000000', 6),
(1477, '32.2883181874', '14:09:23.000000', 6),
(1478, '56', '14:09:57.000000', 5),
(1479, '26.6483793217', '14:10:23.000000', 6),
(1480, '26.2039016993', '14:11:24.000000', 6),
(1481, '31.5976023543', '14:12:24.000000', 6),
(1482, '28.0419639207', '14:13:24.000000', 6),
(1483, '28.1919002461', '14:14:25.000000', 6),
(1484, '61', '14:14:58.000000', 5),
(1485, '25.9548880557', '14:15:25.000000', 6),
(1486, '27.1645727894', '14:16:26.000000', 6),
(1487, '30.1087057985', '14:17:26.000000', 6),
(1488, '27.4033459951', '14:18:27.000000', 6),
(1489, '28.1291609808', '14:19:27.000000', 6),
(1490, '90', '14:19:58.000000', 5),
(1491, '33.3951830448', '14:20:28.000000', 6),
(1492, '28.9110809502', '14:21:28.000000', 6),
(1493, '29.7377769706', '14:22:28.000000', 6),
(1494, '30.0355997875', '14:23:29.000000', 6),
(1495, '29.7199666942', '14:24:29.000000', 6),
(1496, '65', '14:24:58.000000', 5),
(1497, '26.7864414874', '14:25:30.000000', 6),
(1498, '27.0035123756', '14:26:30.000000', 6),
(1499, '26.0816705181', '14:27:31.000000', 6),
(1500, '32.7627082614', '14:28:31.000000', 6),
(1501, '32.8710541374', '14:29:32.000000', 6),
(1502, '56', '14:29:59.000000', 5),
(1503, '24.4073410171', '14:30:32.000000', 6),
(1504, '29.1748849968', '14:31:32.000000', 6),
(1505, '33.8388821034', '14:32:33.000000', 6),
(1506, '32.2388593939', '14:33:33.000000', 6),
(1507, '29.7645790238', '14:34:33.000000', 6),
(1508, '55', '14:34:59.000000', 5),
(1509, '27.4953475979', '14:35:35.000000', 6),
(1510, '29.4597801416', '14:36:36.000000', 6),
(1511, '26.5275435796', '14:37:36.000000', 6),
(1512, '31.0831582373', '14:38:37.000000', 6),
(1513, '29.4896229544', '14:39:37.000000', 6),
(1514, '73', '14:40:00.000000', 5),
(1515, '29.0573850635', '14:40:37.000000', 6),
(1516, '28.6779554018', '14:41:38.000000', 6),
(1517, '29.2657232433', '14:42:38.000000', 6),
(1518, '31.9352058145', '14:43:38.000000', 6),
(1519, '32.2161977278', '14:44:39.000000', 6),
(1520, '57', '14:45:00.000000', 5),
(1521, '28.7945407408', '14:45:39.000000', 6),
(1522, '32.1087722442', '14:46:40.000000', 6),
(1523, '24.0917862855', '14:47:40.000000', 6),
(1524, '25.7822023367', '14:48:41.000000', 6),
(1525, '30.5346951602', '14:49:41.000000', 6),
(1526, '75', '14:50:00.000000', 5),
(1527, '33.0832607125', '14:50:41.000000', 6),
(1528, '33.969734585', '14:51:42.000000', 6),
(1529, '28.9222335949', '14:52:42.000000', 6),
(1530, '30.1349373444', '14:53:43.000000', 6),
(1531, '32.689394125', '14:54:43.000000', 6),
(1532, '77', '14:55:01.000000', 5),
(1533, '30.7547266008', '14:55:44.000000', 6),
(1534, '25.9775045966', '14:56:44.000000', 6),
(1535, '28.2814119772', '14:57:44.000000', 6),
(1536, '28.6862471864', '14:58:45.000000', 6),
(1537, '27.7939162672', '14:59:46.000000', 6),
(1538, '85', '15:00:02.000000', 5),
(1539, '31.4294960706', '15:00:46.000000', 6),
(1540, '27.0544278501', '15:01:46.000000', 6),
(1541, '29.774552714', '15:02:47.000000', 6),
(1542, '33.8661476069', '15:03:48.000000', 6),
(1543, '26.9205169474', '15:04:48.000000', 6),
(1544, '84', '15:05:02.000000', 5),
(1545, '32.4089807577', '15:05:49.000000', 6),
(1546, '31.1214711503', '15:06:49.000000', 6),
(1547, '28.506766259', '15:07:50.000000', 6),
(1548, '27.0863437514', '15:08:50.000000', 6),
(1549, '28.2275325171', '15:09:50.000000', 6),
(1550, '88', '15:10:03.000000', 5),
(1551, '26.2494253261', '15:10:51.000000', 6),
(1552, '33.5628941333', '15:11:51.000000', 6),
(1553, '33.6969528478', '15:12:52.000000', 6),
(1554, '27.6808497721', '15:13:52.000000', 6),
(1555, '30.1448083459', '15:14:53.000000', 6),
(1556, '76', '15:15:03.000000', 5),
(1557, '29.128957466', '15:15:53.000000', 6),
(1558, '26.5305319582', '15:16:53.000000', 6),
(1559, '28.8642038988', '15:17:54.000000', 6),
(1560, '27.117773865', '15:18:54.000000', 6),
(1561, '32.4735727839', '15:19:55.000000', 6),
(1562, '61', '15:20:04.000000', 5),
(1563, '32.2988781661', '15:20:55.000000', 6),
(1564, '31.6344146766', '15:21:56.000000', 6),
(1565, '33.7399015', '15:22:56.000000', 6),
(1566, '24.2149920798', '15:23:56.000000', 6),
(1567, '24.8521385355', '15:24:57.000000', 6),
(1568, '85', '15:25:04.000000', 5),
(1569, '26.0204103593', '15:25:57.000000', 6),
(1570, '26.5340153125', '15:26:58.000000', 6),
(1571, '29.5807684704', '15:27:58.000000', 6),
(1572, '31.1292832385', '15:28:59.000000', 6),
(1573, '30.6992617279', '15:29:59.000000', 6),
(1574, '88', '15:30:05.000000', 5),
(1575, '28.5369473563', '15:30:59.000000', 6),
(1576, '32.7991756687', '15:32:00.000000', 6),
(1577, '30.7422526313', '15:33:00.000000', 6),
(1578, '26.9760440417', '15:34:01.000000', 6),
(1579, '32.9972109148', '15:35:02.000000', 6),
(1580, '62', '15:35:05.000000', 5),
(1581, '31.0710112042', '15:36:02.000000', 6),
(1582, '26.4842786785', '15:37:02.000000', 6),
(1583, '26.4820746386', '15:38:03.000000', 6),
(1584, '29.1457319408', '15:39:03.000000', 6),
(1585, '25.9982259472', '15:40:04.000000', 6),
(1586, '71', '15:40:06.000000', 5),
(1587, '30.8416845062', '15:41:04.000000', 6),
(1588, '28.4195457432', '15:42:05.000000', 6),
(1589, '31.0588101268', '15:43:05.000000', 6),
(1590, '25.9193721092', '15:44:06.000000', 6),
(1591, '24.334745843', '15:45:06.000000', 6),
(1592, '77', '15:45:06.000000', 5),
(1593, '32.4863140142', '15:46:06.000000', 6),
(1594, '27.9344675944', '15:47:07.000000', 6),
(1595, '26.230686023', '15:48:07.000000', 6),
(1596, '29.5344780373', '15:49:08.000000', 6),
(1597, '83', '15:50:07.000000', 5),
(1598, '28.8739739543', '15:50:08.000000', 6),
(1599, '30.7561980744', '15:51:09.000000', 6),
(1600, '32.4081411639', '15:52:09.000000', 6),
(1601, '29.6920498637', '15:53:09.000000', 6),
(1602, '27.9362786685', '15:54:10.000000', 6),
(1603, '74', '15:55:07.000000', 5),
(1604, '30.9318858046', '15:55:10.000000', 6),
(1605, '25.8730921393', '15:56:10.000000', 6),
(1606, '32.1937108081', '15:57:11.000000', 6),
(1607, '24.1046674924', '15:58:11.000000', 6),
(1608, '31.7186530632', '15:59:12.000000', 6),
(1609, '89', '16:00:08.000000', 5),
(1610, '25.3460476561', '16:00:12.000000', 6),
(1611, '32.2132935316', '16:01:13.000000', 6),
(1612, '25.3989447552', '16:02:13.000000', 6),
(1613, '29.8462171231', '16:03:13.000000', 6),
(1614, '24.2115986963', '16:04:14.000000', 6),
(1615, '68', '16:05:08.000000', 5),
(1616, '29.3182844012', '16:05:14.000000', 6),
(1617, '28.4345091927', '16:06:15.000000', 6),
(1618, '31.3096733122', '16:07:15.000000', 6),
(1619, '27.8475505708', '16:08:15.000000', 6),
(1620, '29.4410937087', '16:09:16.000000', 6),
(1621, '67', '16:10:08.000000', 5),
(1622, '30.6434247205', '16:10:16.000000', 6),
(1623, '33.4831564782', '16:11:17.000000', 6),
(1624, '30.4728789922', '16:12:17.000000', 6),
(1625, '29.2744730545', '16:13:17.000000', 6),
(1626, '29.5812224572', '16:14:18.000000', 6),
(1627, '57', '16:15:09.000000', 5),
(1628, '33.3869954779', '16:15:18.000000', 6),
(1629, '33.2380656579', '16:16:19.000000', 6),
(1630, '31.1441392366', '16:17:19.000000', 6),
(1631, '26.7059221431', '16:18:20.000000', 6),
(1632, '28.8505590859', '16:19:20.000000', 6),
(1633, '90', '16:20:09.000000', 5),
(1634, '25.2408162928', '16:20:21.000000', 6),
(1635, '29.1523047731', '16:21:21.000000', 6),
(1636, '24.3327247082', '16:22:21.000000', 6),
(1637, '33.3672987955', '16:23:22.000000', 6),
(1638, '27.274494021', '16:24:23.000000', 6),
(1639, '61', '16:25:10.000000', 5),
(1640, '32.7491458137', '16:25:23.000000', 6),
(1641, '32.5335693074', '16:26:23.000000', 6),
(1642, '26.9817568869', '16:27:24.000000', 6),
(1643, '33.305275464', '16:28:24.000000', 6),
(1644, '25.8933641684', '16:29:25.000000', 6),
(1645, '61', '16:30:10.000000', 5),
(1646, '25.978258399', '16:30:25.000000', 6),
(1647, '29.1611861854', '16:31:26.000000', 6),
(1648, '33.9742100338', '16:32:26.000000', 6),
(1649, '32.1309207518', '16:33:27.000000', 6),
(1650, '33.9409634513', '16:34:27.000000', 6),
(1651, '55', '16:35:11.000000', 5),
(1652, '24.5274363066', '16:35:27.000000', 6),
(1653, '27.9259504117', '16:36:28.000000', 6),
(1654, '29.862347599', '16:37:28.000000', 6),
(1655, '32.5439382729', '16:38:29.000000', 6),
(1656, '27.0942913808', '16:39:29.000000', 6),
(1657, '83', '16:40:11.000000', 5),
(1658, '25.9354370939', '16:40:29.000000', 6),
(1659, '26.897534766', '16:41:30.000000', 6),
(1660, '26.5917043208', '16:42:31.000000', 6),
(1661, '29.3708288394', '16:43:32.000000', 6),
(1662, '26.6116264962', '16:44:34.000000', 6),
(1663, '70', '16:45:12.000000', 5),
(1664, '28.810309708', '16:45:36.000000', 6),
(1665, '30.6120024002', '16:46:37.000000', 6),
(1666, '31.6012969207', '16:47:38.000000', 6),
(1667, '25.2227029257', '16:48:39.000000', 6),
(1668, '29.1288678779', '16:49:39.000000', 6),
(1669, '69', '16:50:13.000000', 5),
(1670, '29.8993560192', '16:50:40.000000', 6),
(1671, '26.4303026841', '16:51:41.000000', 6),
(1672, '32.8362074598', '16:52:42.000000', 6),
(1673, '25.3620419862', '16:53:43.000000', 6),
(1674, '25.8568583567', '16:54:44.000000', 6),
(1675, '90', '16:55:13.000000', 5),
(1676, '28.250408821', '16:55:44.000000', 6),
(1677, '25.8917305329', '16:56:45.000000', 6),
(1678, '29.0920093708', '16:57:46.000000', 6),
(1679, '28.8660568684', '16:58:47.000000', 6),
(1680, '24.6528819908', '16:59:48.000000', 6),
(1681, '82', '17:00:14.000000', 5),
(1682, '29.8048315035', '17:00:49.000000', 6),
(1683, '25.9397201963', '17:01:49.000000', 6),
(1684, '24.8090605038', '17:02:50.000000', 6),
(1685, '27.7540545919', '17:03:50.000000', 6),
(1686, '33.8112601121', '17:04:51.000000', 6),
(1687, '66', '17:05:14.000000', 5),
(1688, '28.4467463111', '17:05:51.000000', 6),
(1689, '33.0574753874', '17:06:52.000000', 6),
(1690, '32.7292462161', '17:07:52.000000', 6),
(1691, '28.4207657654', '17:08:53.000000', 6),
(1692, '24.5172526202', '17:09:53.000000', 6),
(1693, '90', '17:10:15.000000', 5),
(1694, '30.3001130596', '17:10:54.000000', 6),
(1695, '30.2383783573', '17:11:54.000000', 6),
(1696, '30.9015949532', '17:12:55.000000', 6),
(1697, '32.6458614174', '17:13:55.000000', 6),
(1698, '28.7810519927', '17:14:56.000000', 6),
(1699, '88', '17:15:15.000000', 5),
(1700, '33.8431098345', '17:15:56.000000', 6),
(1701, '32.1066240974', '17:16:56.000000', 6),
(1702, '28.4922612994', '17:17:57.000000', 6),
(1703, '29.9943110352', '17:18:58.000000', 6),
(1704, '26.3491582132', '17:19:59.000000', 6),
(1705, '86', '17:20:16.000000', 5),
(1706, '31.0590790874', '17:21:00.000000', 6),
(1707, '28.1279974946', '17:22:01.000000', 6),
(1708, '28.4531556744', '17:23:02.000000', 6),
(1709, '32.704817155', '17:24:03.000000', 6),
(1710, '31.345365901', '17:25:04.000000', 6),
(1711, '61', '17:25:16.000000', 5),
(1712, '26.7799050654', '17:26:05.000000', 6),
(1713, '28.4216709072', '17:27:06.000000', 6),
(1714, '32.7053057273', '17:28:07.000000', 6),
(1715, '32.4914670129', '17:29:08.000000', 6),
(1716, '30.5704679263', '17:30:09.000000', 6),
(1717, '78', '17:30:16.000000', 5),
(1718, '27.6626462862', '17:31:10.000000', 6),
(1719, '24.4137594327', '17:32:10.000000', 6),
(1720, '31.3539369956', '17:33:11.000000', 6),
(1721, '26.2088319459', '17:34:12.000000', 6),
(1722, '30.2198628988', '17:35:13.000000', 6),
(1723, '86', '17:35:17.000000', 5),
(1724, '27.8509689424', '17:36:14.000000', 6),
(1725, '27.7174841577', '17:37:15.000000', 6),
(1726, '27.9742826355', '17:38:16.000000', 6),
(1727, '25.832685729', '17:39:27.000000', 6),
(1728, '78', '17:40:18.000000', 5),
(1729, '26.1733850929', '17:40:27.000000', 6),
(1730, '25.4830166638', '17:41:28.000000', 6),
(1731, '24.0811483927', '17:42:29.000000', 6),
(1732, '30.9289229235', '17:43:30.000000', 6),
(1733, '24.4787739113', '17:44:31.000000', 6),
(1734, '72', '17:45:19.000000', 5),
(1735, '33.0349848304', '17:45:31.000000', 6),
(1736, '32.6817562258', '17:46:32.000000', 6),
(1737, '29.3299085397', '17:47:33.000000', 6),
(1738, '31.7164456172', '17:48:36.000000', 6),
(1739, '26.8071095983', '17:49:37.000000', 6),
(1740, '61', '17:50:20.000000', 5),
(1741, '28.383789015', '17:50:37.000000', 6),
(1742, '24.071309785', '17:51:38.000000', 6),
(1743, '24.5580268511', '17:52:39.000000', 6),
(1744, '28.5630024445', '17:53:40.000000', 6),
(1745, '32.6894655', '17:54:41.000000', 6),
(1746, '71', '17:55:21.000000', 5),
(1747, '32.6352967476', '17:55:41.000000', 6),
(1748, '28.8431459758', '17:56:42.000000', 6),
(1749, '28.9354487716', '17:57:43.000000', 6),
(1750, '32.9710569153', '17:58:45.000000', 6),
(1751, '27.90669755', '17:59:46.000000', 6),
(1752, '59', '18:00:22.000000', 5),
(1753, '29.9075609329', '18:00:46.000000', 6),
(1754, '32.5065234575', '18:01:47.000000', 6),
(1755, '27.2669050882', '18:02:48.000000', 6),
(1756, '27.3825688315', '18:03:49.000000', 6),
(1757, '30.0888099379', '18:04:50.000000', 6),
(1758, '86', '18:05:23.000000', 5),
(1759, '29.40731781', '18:05:50.000000', 6),
(1760, '32.9769017417', '18:06:51.000000', 6),
(1761, '24.827164602', '18:07:52.000000', 6),
(1762, '30.4037729866', '18:08:53.000000', 6),
(1763, '29.3857432356', '18:09:54.000000', 6),
(1764, '71', '18:10:23.000000', 5),
(1765, '24.3236132405', '18:10:55.000000', 6),
(1766, '25.1054855525', '18:11:56.000000', 6),
(1767, '27.913836777', '18:12:57.000000', 6),
(1768, '28.3833475652', '18:13:58.000000', 6),
(1769, '31.8780818813', '18:14:59.000000', 6),
(1770, '76', '18:15:24.000000', 5),
(1771, '27.0228027244', '18:16:00.000000', 6),
(1772, '32.0879160516', '18:17:01.000000', 6),
(1773, '32.5594462493', '18:18:02.000000', 6),
(1774, '24.2032756095', '18:19:03.000000', 6),
(1775, '30.3733139231', '18:20:04.000000', 6),
(1776, '85', '18:20:24.000000', 5),
(1777, '28.7489138947', '18:21:05.000000', 6),
(1778, '25.0421065399', '18:22:06.000000', 6),
(1779, '25.3231273915', '18:23:07.000000', 6),
(1780, '26.336458945', '18:24:08.000000', 6),
(1781, '25.3281539933', '18:25:09.000000', 6),
(1782, '76', '18:25:25.000000', 5),
(1783, '25.5012259359', '18:26:10.000000', 6),
(1784, '26.7980410283', '18:27:11.000000', 6),
(1785, '24.0498480257', '18:28:12.000000', 6),
(1786, '1', '18:28:29.000000', 3),
(1787, '33.8973690342', '18:29:13.000000', 6),
(1788, '31.8408846318', '18:30:14.000000', 6),
(1789, '61', '18:30:25.000000', 5),
(1790, '27.3603161664', '18:31:15.000000', 6),
(1791, '27.9491230317', '18:32:16.000000', 6),
(1792, '33.3909770273', '18:33:17.000000', 6),
(1793, '28.738825262', '18:34:18.000000', 6),
(1794, '29.1323879317', '18:35:18.000000', 6),
(1795, '90', '18:35:26.000000', 5),
(1796, '26.9480804565', '18:36:19.000000', 6),
(1797, '25.9773261408', '18:37:20.000000', 6),
(1798, '30.4365828019', '18:38:21.000000', 6),
(1799, '29.4731599165', '18:39:22.000000', 6),
(1800, '32.5038263471', '18:40:23.000000', 6),
(1801, '58', '18:40:26.000000', 5),
(1802, '29.8692031', '18:41:24.000000', 6),
(1803, '30.247628425', '18:42:25.000000', 6),
(1804, '32.8497785281', '18:43:26.000000', 6),
(1805, '33.40912783', '18:44:27.000000', 6),
(1806, '62', '18:45:27.000000', 5),
(1807, '25.3381131197', '18:45:28.000000', 6),
(1808, '24.6382927699', '18:46:29.000000', 6),
(1809, '31.013339981', '18:47:30.000000', 6),
(1810, '26.2753013884', '18:48:31.000000', 6),
(1811, '33.3411093045', '18:49:32.000000', 6),
(1812, '79', '18:50:28.000000', 5),
(1813, '30.2691565381', '18:50:32.000000', 6),
(1814, '25.2365382456', '18:51:33.000000', 6),
(1815, '31.0060531243', '18:52:34.000000', 6),
(1816, '30.3437668195', '18:53:36.000000', 6),
(1817, '26.4436363234', '18:54:37.000000', 6),
(1818, '55', '18:55:29.000000', 5),
(1819, '29.6648960244', '18:55:37.000000', 6),
(1820, '26.4962684382', '18:56:38.000000', 6),
(1821, '26.0522781551', '18:57:39.000000', 6),
(1822, '26.8610535796', '18:58:40.000000', 6),
(1823, '31.5437588032', '18:59:41.000000', 6),
(1824, '56', '19:00:30.000000', 5),
(1825, '31.7212678408', '19:00:41.000000', 6),
(1826, '28.2973695804', '19:01:42.000000', 6),
(1827, '26.159284839', '19:02:43.000000', 6),
(1828, '29.682347807', '19:03:44.000000', 6),
(1829, '24.2445675775', '19:04:45.000000', 6),
(1830, '83', '19:05:31.000000', 5),
(1831, '31.6960971807', '19:05:47.000000', 6),
(1832, '24.7808775888', '19:06:48.000000', 6),
(1833, '30.5001570036', '19:07:49.000000', 6),
(1834, '31.1197564872', '19:08:50.000000', 6),
(1835, '26.8442556468', '19:09:50.000000', 6),
(1836, '80', '19:10:32.000000', 5),
(1837, '28.1553768734', '19:10:51.000000', 6),
(1838, '32.0392878302', '19:11:52.000000', 6),
(1839, '33.4048950607', '19:12:53.000000', 6),
(1840, '26.6824802886', '19:13:54.000000', 6),
(1841, '28.2236964969', '19:14:55.000000', 6),
(1842, '80', '19:15:33.000000', 5),
(1843, '26.1412727265', '19:15:55.000000', 6),
(1844, '30.4737136074', '19:16:56.000000', 6),
(1845, '26.7214707214', '19:17:57.000000', 6),
(1846, '32.0453082031', '19:18:58.000000', 6),
(1847, '24.0828156306', '19:19:59.000000', 6),
(1848, '80', '19:20:36.000000', 5),
(1849, '24.1916646763', '19:21:00.000000', 6),
(1850, '27.7909910432', '19:22:01.000000', 6),
(1851, '27.8285856614', '19:23:02.000000', 6),
(1852, '33.4607031334', '19:24:02.000000', 6),
(1853, '33.7908004736', '19:25:04.000000', 6),
(1854, '77', '19:25:37.000000', 5),
(1855, '27.9421334791', '19:26:04.000000', 6),
(1856, '32.7567508881', '19:27:05.000000', 6),
(1857, '27.8954327805', '19:28:06.000000', 6),
(1858, '28.6834295386', '19:29:07.000000', 6),
(1859, '27.793408921', '19:30:08.000000', 6),
(1860, '62', '19:30:37.000000', 5),
(1861, '26.563021022', '19:31:09.000000', 6),
(1862, '28.2988303189', '19:32:10.000000', 6),
(1863, '33.4653267687', '19:33:11.000000', 6),
(1864, '1', '19:33:51.000000', 3),
(1865, '25.0332372098', '19:34:11.000000', 6),
(1866, '1', '19:34:29.000000', 3),
(1867, '1', '19:34:30.000000', 3),
(1868, '1', '19:34:30.000000', 3),
(1869, '1', '19:34:57.000000', 3),
(1870, '1', '19:34:59.000000', 3),
(1871, '1', '19:35:01.000000', 3),
(1872, '1', '19:35:02.000000', 3),
(1873, '25.1262420278', '19:35:12.000000', 6),
(1874, '1', '19:35:22.000000', 3),
(1875, '1', '19:35:22.000000', 3),
(1876, '1', '19:35:23.000000', 3),
(1877, '1', '19:35:24.000000', 3),
(1878, '71', '19:35:38.000000', 5),
(1879, '1', '19:35:40.000000', 3),
(1880, '1', '19:35:42.000000', 3),
(1881, '1', '19:35:44.000000', 3),
(1882, '1', '19:35:46.000000', 3),
(1883, '1', '19:35:47.000000', 3),
(1884, '1', '19:35:50.000000', 3),
(1885, '1', '19:35:51.000000', 3),
(1886, '1', '19:35:52.000000', 3),
(1887, '1', '19:35:53.000000', 3),
(1888, '1', '19:35:54.000000', 3),
(1889, '1', '19:35:55.000000', 3),
(1890, '1', '19:35:58.000000', 3),
(1891, '1', '19:35:59.000000', 3),
(1892, '1', '19:36:01.000000', 3),
(1893, '1', '19:36:02.000000', 3),
(1894, '33.496919826', '19:36:12.000000', 6),
(1895, '1', '19:36:16.000000', 3),
(1896, '1', '19:36:17.000000', 3),
(1897, '1', '19:36:18.000000', 3),
(1898, '1', '19:36:18.000000', 3),
(1899, '1', '19:36:19.000000', 3),
(1900, '1', '19:36:20.000000', 3),
(1901, '1', '19:36:20.000000', 3),
(1902, '1', '19:36:21.000000', 3),
(1903, '1', '19:36:22.000000', 3),
(1904, '1', '19:36:23.000000', 3),
(1905, '1', '19:36:23.000000', 3),
(1906, '1', '19:36:24.000000', 3),
(1907, '1', '19:36:24.000000', 3),
(1908, '1', '19:36:25.000000', 3),
(1909, '1', '19:36:26.000000', 3),
(1910, '1', '19:36:27.000000', 3),
(1911, '1', '19:36:28.000000', 3),
(1912, '1', '19:36:29.000000', 3),
(1913, '1', '19:36:29.000000', 3),
(1914, '1', '19:36:30.000000', 3),
(1915, '1', '19:36:31.000000', 3),
(1916, '1', '19:36:32.000000', 3),
(1917, '1', '19:36:32.000000', 3),
(1918, '1', '19:36:33.000000', 3),
(1919, '1', '19:36:33.000000', 3),
(1920, '1', '19:36:36.000000', 3),
(1921, '25.8940230877', '19:37:13.000000', 6),
(1922, '25.6773232625', '19:38:14.000000', 6),
(1923, '24.7726546625', '19:39:15.000000', 6),
(1924, '25.6538665081', '19:40:16.000000', 6),
(1925, '78', '19:40:38.000000', 5),
(1926, '27.9933113432', '19:41:17.000000', 6),
(1927, '33.3359170091', '19:42:18.000000', 6),
(1928, '27.0411449925', '19:43:19.000000', 6),
(1929, '28.0965408034', '19:44:20.000000', 6),
(1930, '33.1280867217', '19:45:21.000000', 6),
(1931, '65', '19:45:39.000000', 5),
(1932, '31.038496676', '19:46:22.000000', 6),
(1933, '28.4536524701', '19:47:23.000000', 6),
(1934, '28.057026418', '19:48:24.000000', 6),
(1935, '29.5140495398', '19:49:25.000000', 6),
(1936, '32.6645198919', '19:50:26.000000', 6),
(1937, '59', '19:50:40.000000', 5),
(1938, '27.1151155802', '19:51:27.000000', 6),
(1939, '25.6185470795', '19:52:28.000000', 6),
(1940, '24.9816405877', '19:53:29.000000', 6),
(1941, '27.9751976342', '19:54:30.000000', 6),
(1942, '33.1121609122', '19:55:31.000000', 6),
(1943, '66', '19:55:40.000000', 5),
(1944, '33.1139555374', '19:56:31.000000', 6),
(1945, '26.6263023217', '19:57:32.000000', 6),
(1946, '27.9206529901', '19:58:33.000000', 6),
(1947, '25.625466906', '19:59:34.000000', 6),
(1948, '28.8516942153', '20:00:36.000000', 6),
(1949, '70', '20:00:40.000000', 5),
(1950, '31.6490332773', '20:01:38.000000', 6),
(1951, '26.9022604101', '20:02:39.000000', 6),
(1952, '33.3018289732', '20:03:39.000000', 6),
(1953, '29.2693001322', '20:04:40.000000', 6),
(1954, '74', '20:05:41.000000', 5),
(1955, '29.6769990248', '20:05:41.000000', 6),
(1956, '24.4619192336', '20:06:42.000000', 6),
(1957, '31.0745397769', '20:07:43.000000', 6),
(1958, '32.1084706745', '20:08:44.000000', 6),
(1959, '25.4623345325', '20:09:45.000000', 6),
(1960, '80', '20:10:42.000000', 5),
(1961, '31.5039835745', '20:10:45.000000', 6),
(1962, '24.1801721072', '20:11:46.000000', 6),
(1963, '30.4126925471', '20:12:47.000000', 6),
(1964, '27.4486950919', '20:13:48.000000', 6),
(1965, '29.2434074581', '20:14:49.000000', 6),
(1966, '61', '20:15:43.000000', 5),
(1967, '26.844393997', '20:15:50.000000', 6),
(1968, '33.8305671583', '20:16:51.000000', 6),
(1969, '28.0574713929', '20:17:52.000000', 6),
(1970, '27.6490553704', '20:18:53.000000', 6),
(1971, '31.9764197458', '20:19:54.000000', 6),
(1972, '90', '20:20:44.000000', 5),
(1973, '29.106629131', '20:20:54.000000', 6),
(1974, '25.2511725825', '20:21:55.000000', 6),
(1975, '30.2524011126', '20:22:56.000000', 6),
(1976, '28.8129247608', '20:23:57.000000', 6),
(1977, '32.1141910184', '20:24:58.000000', 6),
(1978, '73', '20:25:45.000000', 5),
(1979, '24.278722847', '20:25:58.000000', 6),
(1980, '24.608738197', '20:26:59.000000', 6),
(1981, '31.7348485612', '20:28:00.000000', 6),
(1982, '27.5734970997', '20:29:01.000000', 6),
(1983, '29.8046845869', '20:30:04.000000', 6),
(1984, '89', '20:30:46.000000', 5),
(1985, '29.540550644', '20:31:05.000000', 6),
(1986, '24.9464668477', '20:32:06.000000', 6),
(1987, '24.8718649301', '20:33:07.000000', 6),
(1988, '29.4682032483', '20:34:08.000000', 6),
(1989, '30.257231258', '20:35:09.000000', 6),
(1990, '73', '20:35:47.000000', 5),
(1991, '32.7740923932', '20:36:09.000000', 6),
(1992, '26.3445071709', '20:37:10.000000', 6),
(1993, '33.451869927', '20:38:11.000000', 6),
(1994, '28.7264627477', '20:39:12.000000', 6),
(1995, '29.7184465076', '20:40:13.000000', 6),
(1996, '90', '20:40:48.000000', 5),
(1997, '29.6136033162', '20:41:13.000000', 6),
(1998, '32.2766034183', '20:42:14.000000', 6),
(1999, '30.243619831', '20:43:15.000000', 6),
(2000, '25.6173867064', '20:44:16.000000', 6),
(2001, '30.3907770401', '20:45:17.000000', 6),
(2002, '65', '20:45:49.000000', 5),
(2003, '24.371305273', '20:46:18.000000', 6),
(2004, '30.0629707503', '20:47:19.000000', 6),
(2005, '26.4651262932', '20:48:20.000000', 6),
(2006, '32.8030523423', '20:49:21.000000', 6),
(2007, '33.2139230915', '20:50:22.000000', 6),
(2008, '79', '20:50:49.000000', 5),
(2009, '31.3337677322', '20:51:22.000000', 6),
(2010, '27.6143717388', '20:52:23.000000', 6),
(2011, '30.0642394354', '20:53:24.000000', 6),
(2012, '29.5039267328', '20:54:25.000000', 6),
(2013, '24.0892513512', '20:55:26.000000', 6),
(2014, '84', '20:55:50.000000', 5),
(2015, '27.6367736944', '20:56:27.000000', 6),
(2016, '30.7782522964', '20:57:28.000000', 6),
(2017, '25.6123797466', '20:58:29.000000', 6),
(2018, '27.6847606121', '20:59:30.000000', 6),
(2019, '30.2614474549', '21:00:31.000000', 6),
(2020, '64', '21:00:50.000000', 5),
(2021, '26.7429461976', '21:01:31.000000', 6),
(2022, '26.3794537214', '21:02:32.000000', 6),
(2023, '30.0993689199', '21:03:33.000000', 6),
(2024, '80', '21:05:52.000000', 5),
(2025, '60', '21:10:53.000000', 5),
(2026, '86', '21:15:54.000000', 5),
(2027, '76', '21:20:55.000000', 5),
(2028, '57', '21:25:56.000000', 5),
(2029, '57', '21:30:57.000000', 5),
(2030, '61', '21:35:57.000000', 5),
(2031, '61', '21:40:58.000000', 5),
(2032, '82', '21:45:58.000000', 5),
(2033, '76', '21:50:59.000000', 5),
(2034, '57', '21:55:59.000000', 5),
(2035, '80', '22:01:00.000000', 5),
(2036, '76', '22:06:00.000000', 5),
(2037, '89', '22:11:01.000000', 5),
(2038, '79', '22:16:01.000000', 5),
(2039, '87', '22:21:02.000000', 5),
(2040, '90', '22:26:02.000000', 5),
(2041, '59', '22:31:03.000000', 5),
(2042, '78', '22:36:03.000000', 5),
(2043, '67', '22:41:04.000000', 5),
(2044, '82', '22:46:04.000000', 5),
(2045, '57', '22:51:05.000000', 5),
(2046, '87', '22:56:05.000000', 5),
(2047, '59', '23:01:06.000000', 5),
(2048, '78', '23:06:06.000000', 5),
(2049, '89', '23:11:06.000000', 5),
(2050, '61', '23:16:07.000000', 5),
(2051, '58', '23:21:08.000000', 5),
(2052, '64', '23:26:09.000000', 5),
(2053, '69', '23:31:10.000000', 5),
(2054, '60', '23:36:10.000000', 5),
(2055, '90', '23:41:10.000000', 5),
(2056, '88', '23:46:11.000000', 5),
(2057, '83', '23:51:11.000000', 5),
(2058, '74', '23:56:12.000000', 5),
(2059, '62', '00:01:13.000000', 5),
(2060, '61', '00:06:13.000000', 5),
(2061, '27.9364799708', '09:17:16.000000', 6),
(2062, '25.3581566487', '09:18:17.000000', 6),
(2063, '28.6290331534', '09:19:18.000000', 6),
(2064, '33.4591843438', '09:20:19.000000', 6),
(2065, '84', '09:21:16.000000', 5),
(2066, '24.1845418137', '09:21:20.000000', 6),
(2067, '31.745637827', '09:22:21.000000', 6),
(2068, '33.4391451547', '09:23:22.000000', 6),
(2069, '32.2033999259', '09:24:22.000000', 6),
(2070, '24.58628787', '09:25:23.000000', 6),
(2071, '90', '09:26:17.000000', 5),
(2072, '32.6290209052', '09:26:24.000000', 6),
(2073, '25.6246114018', '09:27:25.000000', 6),
(2074, '29.717823674', '09:28:26.000000', 6),
(2075, '24.199945082', '09:29:26.000000', 6),
(2076, '29.5400271405', '09:30:28.000000', 6),
(2077, '76', '09:31:18.000000', 5),
(2078, '26.8716997673', '09:31:30.000000', 6),
(2079, '27.8654368615', '09:32:30.000000', 6),
(2080, '25.6691095175', '09:33:31.000000', 6),
(2081, '33.1599177371', '09:34:32.000000', 6),
(2082, '27.1280377972', '09:35:33.000000', 6),
(2083, '71', '09:36:19.000000', 5),
(2084, '31.5764347627', '09:36:34.000000', 6),
(2085, '24.5616069774', '09:37:35.000000', 6),
(2086, '32.1695141551', '09:38:36.000000', 6),
(2087, '33.3112568736', '09:39:37.000000', 6),
(2088, '27.5894317879', '09:40:38.000000', 6),
(2089, '81', '09:41:20.000000', 5),
(2090, '32.1426509682', '09:41:38.000000', 6),
(2091, '33.3959208269', '09:42:39.000000', 6),
(2092, '25.46385947', '09:43:40.000000', 6),
(2093, '25.6070536075', '09:44:40.000000', 6),
(2094, '24.9992913152', '09:45:40.000000', 6),
(2095, '66', '09:46:20.000000', 5),
(2096, '33.5517063694', '09:46:41.000000', 6),
(2097, '25.3139719768', '09:47:41.000000', 6),
(2098, '30.9026814822', '09:48:42.000000', 6),
(2099, '32.0943956473', '09:49:42.000000', 6),
(2100, '31.0649322937', '09:50:43.000000', 6),
(2101, '76', '09:51:21.000000', 5),
(2102, '32.9902002107', '09:51:44.000000', 6),
(2103, '25.259472096', '09:52:44.000000', 6),
(2104, '28.2675157774', '09:53:44.000000', 6),
(2105, '25.9310147389', '09:54:45.000000', 6),
(2106, '29.3431378939', '09:55:45.000000', 6),
(2107, '84', '09:56:21.000000', 5),
(2108, '31.5004892654', '09:56:46.000000', 6),
(2109, '24.9248067084', '09:57:46.000000', 6),
(2110, '32.0282772617', '09:58:47.000000', 6),
(2111, '26.7313043929', '09:59:47.000000', 6),
(2112, '28.6457287489', '10:00:48.000000', 6),
(2113, '82', '10:01:22.000000', 5),
(2114, '27.4937925082', '10:01:48.000000', 6),
(2115, '25.2005843559', '10:02:49.000000', 6),
(2116, '33.0615375751', '10:03:49.000000', 6),
(2117, '28.4283150874', '10:04:50.000000', 6),
(2118, '29.7643154966', '10:05:50.000000', 6),
(2119, '79', '10:06:22.000000', 5),
(2120, '24.4044324179', '10:06:51.000000', 6),
(2121, '27.7172604284', '10:07:51.000000', 6),
(2122, '24.7506631661', '10:08:52.000000', 6),
(2123, '24.3860732617', '10:09:52.000000', 6),
(2124, '29.0451655719', '10:10:52.000000', 6),
(2125, '61', '10:11:23.000000', 5),
(2126, '26.3682604469', '10:11:53.000000', 6),
(2127, '29.9101959839', '10:12:53.000000', 6),
(2128, '29.8527316743', '10:13:54.000000', 6),
(2129, '28.3764433168', '10:14:54.000000', 6),
(2130, '31.2551473055', '10:15:55.000000', 6),
(2131, '67', '10:16:23.000000', 5),
(2132, '29.3889013409', '10:16:55.000000', 6),
(2133, '31.6566167755', '10:17:56.000000', 6),
(2134, '32.0484028123', '10:18:56.000000', 6),
(2135, '29.2361342687', '10:19:57.000000', 6),
(2136, '27.6608827459', '10:20:57.000000', 6),
(2137, '75', '10:21:23.000000', 5),
(2138, '33.04620861', '10:21:58.000000', 6),
(2139, '32.373831627', '10:22:58.000000', 6),
(2140, '24.7716196136', '10:23:59.000000', 6),
(2141, '28.0569101944', '10:24:59.000000', 6),
(2142, '27.4944081899', '10:26:00.000000', 6),
(2143, '83', '10:26:24.000000', 5),
(2144, '26.1268342179', '10:27:00.000000', 6),
(2145, '26.7378964586', '10:28:01.000000', 6),
(2146, '27.1154154659', '10:29:01.000000', 6),
(2147, '33.330317113', '10:30:02.000000', 6),
(2148, '31.8985612651', '10:31:03.000000', 6),
(2149, '57', '10:31:24.000000', 5),
(2150, '29.8449696451', '10:32:03.000000', 6),
(2151, '27.547666067', '10:33:04.000000', 6),
(2152, '27.940956307', '10:34:04.000000', 6),
(2153, '31.4240902543', '10:35:05.000000', 6),
(2154, '29.6819481031', '10:36:05.000000', 6),
(2155, '82', '10:36:25.000000', 5),
(2156, '30.7651311876', '10:37:06.000000', 6),
(2157, '25.9874365069', '10:38:06.000000', 6),
(2158, '67', '10:41:25.000000', 5),
(2159, '66', '10:46:26.000000', 5),
(2160, '81', '10:51:26.000000', 5),
(2161, '90', '10:56:27.000000', 5),
(2162, '58', '11:01:28.000000', 5),
(2163, '80', '11:06:28.000000', 5),
(2164, '87', '11:11:29.000000', 5),
(2165, '63', '11:16:29.000000', 5),
(2166, '32.4039989348', '11:18:17.000000', 6),
(2167, '32.1293887434', '11:19:17.000000', 6),
(2168, '26.3901121786', '11:20:18.000000', 6),
(2169, '29.6621289999', '11:21:18.000000', 6),
(2170, '67', '11:22:17.000000', 5),
(2171, '25.7172485467', '11:22:19.000000', 6),
(2172, '28.6649815485', '11:23:19.000000', 6),
(2173, '24.2341674068', '11:24:20.000000', 6),
(2174, '30.0162823794', '11:25:20.000000', 6),
(2175, '32.4402603858', '11:26:21.000000', 6),
(2176, '70', '11:27:18.000000', 5),
(2177, '24.6204047892', '11:27:21.000000', 6),
(2178, '25.1871578868', '11:28:22.000000', 6),
(2179, '25.5225886872', '11:29:22.000000', 6),
(2180, '33.8678328998', '11:30:23.000000', 6),
(2181, '32.4237141645', '11:31:23.000000', 6),
(2182, '89', '11:32:20.000000', 5),
(2183, '25.6631564054', '11:32:23.000000', 6),
(2184, '33.2722378541', '11:33:24.000000', 6),
(2185, '31.791387172', '11:34:24.000000', 6),
(2186, '24.8256105363', '11:35:25.000000', 6),
(2187, '32.0358274853', '11:36:25.000000', 6),
(2188, '69', '11:37:23.000000', 5),
(2189, '33.5568733413', '11:37:26.000000', 6),
(2190, '28.2977783876', '11:38:26.000000', 6),
(2191, '33.7204951797', '11:39:26.000000', 6),
(2192, '25.9624104546', '11:40:27.000000', 6),
(2193, '31.0990189544', '11:41:27.000000', 6),
(2194, '57', '11:42:24.000000', 5),
(2195, '30.3562116278', '11:42:28.000000', 6),
(2196, '32.5856983183', '11:43:28.000000', 6),
(2197, '25.5228056283', '11:44:29.000000', 6),
(2198, '33.5212309194', '11:45:29.000000', 6),
(2199, '27.5830191733', '11:46:30.000000', 6),
(2200, '72', '11:47:24.000000', 5),
(2201, '30.0896409892', '11:47:31.000000', 6),
(2202, '26.9163826555', '11:48:31.000000', 6),
(2203, '27.5968126685', '11:49:32.000000', 6),
(2204, '29.906220879', '11:50:32.000000', 6),
(2205, '31.1987681732', '11:51:32.000000', 6),
(2206, '78', '11:52:25.000000', 5),
(2207, '28.603046096', '11:52:33.000000', 6),
(2208, '24.9335046711', '11:53:33.000000', 6),
(2209, '26.1307254303', '11:54:34.000000', 6),
(2210, '28.9084382744', '11:55:34.000000', 6),
(2211, '28.9577738633', '11:56:35.000000', 6),
(2212, '59', '11:57:25.000000', 5),
(2213, '29.4430370118', '11:57:35.000000', 6),
(2214, '32.4801997305', '11:58:36.000000', 6),
(2215, '31.9505797474', '11:59:36.000000', 6),
(2216, '33.3858335792', '12:00:37.000000', 6),
(2217, '32.2344859272', '12:01:37.000000', 6),
(2218, '76', '12:02:26.000000', 5),
(2219, '24.6597947853', '12:02:37.000000', 6),
(2220, '27.7862718487', '12:03:38.000000', 6),
(2221, '27.388795723', '12:04:38.000000', 6),
(2222, '33.4076603539', '12:05:39.000000', 6),
(2223, '27.950011062', '12:06:39.000000', 6),
(2224, '70', '12:07:26.000000', 5),
(2225, '32.4372209674', '12:07:39.000000', 6),
(2226, '24.8318988728', '12:08:40.000000', 6),
(2227, '31.0811525544', '12:09:40.000000', 6),
(2228, '29.2540549982', '12:10:41.000000', 6),
(2229, '55', '12:12:27.000000', 5),
(2230, '67', '12:17:27.000000', 5),
(2231, '82', '12:22:28.000000', 5),
(2232, '80', '12:27:29.000000', 5),
(2233, '77', '12:32:29.000000', 5),
(2234, '77', '12:37:30.000000', 5),
(2235, '55', '12:42:30.000000', 5),
(2236, '77', '12:47:31.000000', 5),
(2237, '81', '12:52:31.000000', 5),
(2238, '81', '12:57:32.000000', 5),
(2239, '88', '13:02:32.000000', 5),
(2240, '90', '13:07:33.000000', 5),
(2241, '56', '13:12:33.000000', 5),
(2242, '76', '13:17:34.000000', 5),
(2243, '61', '13:22:34.000000', 5),
(2244, '75', '13:27:35.000000', 5),
(2245, '78', '13:32:35.000000', 5),
(2246, '1', '17:31:56.000000', 3),
(2247, '1', '19:41:44.000000', 3),
(2248, '1', '19:41:45.000000', 3),
(2249, '1', '19:41:46.000000', 3),
(2250, '1', '19:41:47.000000', 3),
(2251, '1', '19:41:48.000000', 3),
(2252, '1', '13:04:31.000000', 3),
(2253, '1', '13:04:33.000000', 3),
(2254, '1', '13:04:33.000000', 3),
(2255, '1', '13:04:34.000000', 3),
(2256, '1', '13:04:35.000000', 3),
(2257, '1', '13:04:36.000000', 3),
(2258, '1', '13:04:37.000000', 3),
(2259, '1', '13:04:40.000000', 3),
(2260, '1', '13:04:42.000000', 3),
(2261, '1', '13:04:44.000000', 3),
(2262, '1', '13:04:46.000000', 3),
(2263, '1', '14:03:47.000000', 3),
(2264, '1', '15:10:39.000000', 3),
(2265, '1', '21:08:28.000000', 3),
(2266, '1', '21:08:32.000000', 3),
(2267, '1', '21:08:39.000000', 3),
(2268, '1', '21:08:44.000000', 3),
(2269, '1', '11:38:32.000000', 3),
(2270, '1', '11:38:35.000000', 3),
(2271, '1', '11:38:45.000000', 3),
(2272, '1', '11:38:46.000000', 3),
(2273, '1', '21:25:23.000000', 3),
(2274, '1', '12:26:43.000000', 3),
(2275, '1', '12:26:45.000000', 3);

-- --------------------------------------------------------

--
-- Table structure for table `snsr`
--

CREATE TABLE `snsr` (
  `snsr_id` int(30) NOT NULL,
  `snsr_serienr` text NOT NULL,
  `snsr_locatie` text NOT NULL,
  `snsr_device_id` int(11) DEFAULT NULL,
  `type` varchar(255) NOT NULL,
  `lower_boundary` varchar(30) NOT NULL,
  `upper_boundary` varchar(30) NOT NULL
) ENGINE=InnoDB DEFAULT CHARSET=latin1;

--
-- Dumping data for table `snsr`
--

INSERT INTO `snsr` (`snsr_id`, `snsr_serienr`, `snsr_locatie`, `snsr_device_id`, `type`, `lower_boundary`, `upper_boundary`) VALUES
(1, '1', '1', 1, 'button', '', ''),
(2, '2', '2', 2, 'button', '', ''),
(3, '3', 'pi 3 Raspberry Pi 2 B v1.1', 3, 'button', '', ''),
(4, '4', '4 Raspberry Pi 1 B v1', 4, 'button', '', ''),
(5, '', 'pi 3', 3, 'heartbeat', '60', '80'),
(6, '', 'pi 3', 3, 'temperature', '31', '33'),
(7, '', 'pi 1', 1, 'fallen', '', ''),
(8, '', 'pi 1', 1, 'heartbeat', '56', '70'),
(9, '', 'pi 1', 1, 'temperature', '31', '33'),
(10, '', 'pi 3', 3, 'fallen', '', ''),
(11, 'postman', 'postman', 6, 'heartbeat', '75', '85'),
(12, 'postman', 'postman', 6, 'postman', '', '');

--
-- Indexes for dumped tables
--

--
-- Indexes for table `devices`
--
ALTER TABLE `devices`
  ADD PRIMARY KEY (`id`),
  ADD KEY `devices_naw_FK` (`owner`);

--
-- Indexes for table `naw`
--
ALTER TABLE `naw`
  ADD PRIMARY KEY (`naw_id`);

--
-- Indexes for table `permission_link`
--
ALTER TABLE `permission_link`
  ADD KEY `permission_link_devices_FK` (`device_id`),
  ADD KEY `permission_link_naw_FK` (`naw_id`);

--
-- Indexes for table `snra`
--
ALTER TABLE `snra`
  ADD PRIMARY KEY (`id`),
  ADD KEY `snra_snrd_FK` (`snrd_id`);

--
-- Indexes for table `snrd`
--
ALTER TABLE `snrd`
  ADD PRIMARY KEY (`snrd_id`),
  ADD KEY `snsr_id` (`snsr_id`);

--
-- Indexes for table `snsr`
--
ALTER TABLE `snsr`
  ADD PRIMARY KEY (`snsr_id`),
  ADD KEY `snsr_devices_FK` (`snsr_device_id`);

--
-- AUTO_INCREMENT for dumped tables
--

--
-- AUTO_INCREMENT for table `devices`
--
ALTER TABLE `devices`
  MODIFY `id` int(11) NOT NULL AUTO_INCREMENT, AUTO_INCREMENT=7;

--
-- AUTO_INCREMENT for table `naw`
--
ALTER TABLE `naw`
  MODIFY `naw_id` int(11) NOT NULL AUTO_INCREMENT, AUTO_INCREMENT=15;

--
-- AUTO_INCREMENT for table `snra`
--
ALTER TABLE `snra`
  MODIFY `id` int(11) NOT NULL AUTO_INCREMENT, AUTO_INCREMENT=2152;

--
-- AUTO_INCREMENT for table `snrd`
--
ALTER TABLE `snrd`
  MODIFY `snrd_id` int(10) NOT NULL AUTO_INCREMENT, AUTO_INCREMENT=2276;

--
-- AUTO_INCREMENT for table `snsr`
--
ALTER TABLE `snsr`
  MODIFY `snsr_id` int(30) NOT NULL AUTO_INCREMENT, AUTO_INCREMENT=13;

--
-- Constraints for dumped tables
--

--
-- Constraints for table `devices`
--
ALTER TABLE `devices`
  ADD CONSTRAINT `devices_naw_FK` FOREIGN KEY (`owner`) REFERENCES `naw` (`naw_id`);

--
-- Constraints for table `permission_link`
--
ALTER TABLE `permission_link`
  ADD CONSTRAINT `permission_link_devices_FK` FOREIGN KEY (`device_id`) REFERENCES `devices` (`id`),
  ADD CONSTRAINT `permission_link_naw_FK` FOREIGN KEY (`naw_id`) REFERENCES `naw` (`naw_id`);

--
-- Constraints for table `snra`
--
ALTER TABLE `snra`
  ADD CONSTRAINT `snra_snrd_FK` FOREIGN KEY (`snrd_id`) REFERENCES `snrd` (`snrd_id`);

--
-- Constraints for table `snrd`
--
ALTER TABLE `snrd`
  ADD CONSTRAINT `snrd_snsr_FK` FOREIGN KEY (`snsr_id`) REFERENCES `snsr` (`snsr_id`);

--
-- Constraints for table `snsr`
--
ALTER TABLE `snsr`
  ADD CONSTRAINT `snsr_devices_FK` FOREIGN KEY (`snsr_device_id`) REFERENCES `devices` (`id`);
COMMIT;

/*!40101 SET CHARACTER_SET_CLIENT=@OLD_CHARACTER_SET_CLIENT */;
/*!40101 SET CHARACTER_SET_RESULTS=@OLD_CHARACTER_SET_RESULTS */;
/*!40101 SET COLLATION_CONNECTION=@OLD_COLLATION_CONNECTION */;
